0	cluster	q	p	overall_frequency	C1_nf	C2_nf	C3_nf	C4_nf	C5_nf	C1_f	C2_f	C3_f	C4_f	C5_f	C1_mut	C1_wt	C2_mut	C2_wt	C3_mut	C3_wt	C4_mut	C4_wt	C5_mut	C5_wt	C1_sum	C2_sum	C3_sum	C4_sum	C5_sum
SV.BCL6	C1	0.00010304244783639121	9.99990000099999e-06	0.21243523316062174	0.48780487804878053	0.19512195121951223	0.02439024390243903	0.17073170731707318	0.12195121951219513	0.10362694300518134	0.04145077720207254	0.0051813471502590676	0.03626943005181347	0.025906735751295335	20	10	8	43	1	33	7	27	5	39	60	24	3	21	15
CD70	C1	0.00010304244783639121	9.99990000099999e-06	0.09326424870466321	0.5555555555555556	0.11111111111111112	0.0	0.3333333333333333	0.0	0.05181347150259067	0.010362694300518135	0.0	0.031088082901554404	0.0	10	20	2	49	0	34	6	28	0	44	20	4	0	12	0
BCL10	C1	0.00010304244783639121	9.99990000099999e-06	0.06217616580310881	0.75	0.16666666666666669	0.0	0.08333333333333334	0.0	0.046632124352331605	0.010362694300518135	0.0	0.0051813471502590676	0.0	9	21	2	49	0	34	1	33	0	44	18	4	0	2	0
NOTCH2	C1	0.00098067984837393	0.00011999880001199988	0.07253886010362695	0.6428571428571428	0.21428571428571425	0.07142857142857142	0.0	0.07142857142857142	0.046632124352331605	0.015544041450777202	0.0051813471502590676	0.0	0.0051813471502590676	9	21	3	48	1	33	0	34	1	43	18	6	2	0	2
B2M	C1	0.0015552969470305298	0.0002099979000209998	0.08290155440414508	0.5	0.0625	0.25	0.1875	0.0	0.04145077720207254	0.0051813471502590676	0.02072538860103627	0.015544041450777202	0.0	8	22	1	50	4	30	3	31	0	44	16	2	8	6	0
FAS	C1	0.00186725405473218	0.0002599974000259997	0.07253886010362695	0.4285714285714285	0.14285714285714285	0.0	0.4285714285714285	0.0	0.031088082901554404	0.010362694300518135	0.0	0.031088082901554404	0.0	6	24	2	49	0	34	6	28	0	44	12	4	0	12	0
UBE2A	C1	0.0021066456002106645	0.0003199968000319997	0.031088082901554404	0.8333333333333333	0.0	0.0	0.0	0.16666666666666669	0.025906735751295335	0.0	0.0	0.0	0.0051813471502590676	5	25	0	51	0	34	0	34	1	43	10	0	0	0	2
TNIP1	C1	0.00271680210027168	0.0004599954000459995	0.02072538860103627	1.0	0.0	0.0	0.0	0.0	0.02072538860103627	0.0	0.0	0.0	0.0	4	26	0	51	0	34	0	34	0	44	8	0	0	0	0
DTX1	C1	0.010522694773052269	0.0022199778002219978	0.12953367875647667	0.36000000000000004	0.04000000000000001	0.16000000000000003	0.28	0.16000000000000003	0.046632124352331605	0.0051813471502590676	0.02072538860103627	0.03626943005181347	0.02072538860103627	9	21	1	50	4	30	7	27	4	40	18	2	6	14	7
TNFAIP3	C1	0.019426623915579026	0.005409945900540994	0.08290155440414508	0.5	0.125	0.1875	0.125	0.0625	0.04145077720207254	0.010362694300518135	0.015544041450777202	0.010362694300518135	0.0051813471502590676	8	22	2	49	3	31	2	32	1	43	16	4	5	4	2
HIST1H2BC	C1	0.03794783480736621	0.013449865501344986	0.09844559585492228	0.3684210526315789	0.15789473684210525	0.10526315789473684	0.3157894736842105	0.05263157894736842	0.03626943005181347	0.015544041450777202	0.010362694300518135	0.031088082901554404	0.0051813471502590676	7	23	3	48	2	32	6	28	1	43	12	5	4	8	2
IRF4	C1	0.05365001295041995	0.02059979400205998	0.02590673575129534	0.6	0.0	0.0	0.0	0.39999999999999997	0.015544041450777202	0.0	0.0	0.0	0.010362694300518135	3	27	0	51	0	34	0	34	2	42	4	0	0	0	4
MYD88.OTHER	C1	0.05422608817390087	0.02104978950210498	0.08290155440414507	0.4375	0.25000000000000006	0.0	0.12500000000000003	0.18750000000000003	0.03626943005181347	0.02072538860103627	0.0	0.010362694300518135	0.015544041450777202	7	23	4	47	0	34	2	32	3	41	14	8	0	4	6
RAB5B	C1	0.05646407453451238	0.022969770302296976	0.010362694300518135	1.0	0.0	0.0	0.0	0.0	0.010362694300518135	0.0	0.0	0.0	0.0	2	28	0	51	0	34	0	34	0	44	4	0	0	0	0
STK33	C1	0.05658923002606709	0.023399766002339978	0.010362694300518135	1.0	0.0	0.0	0.0	0.0	0.010362694300518135	0.0	0.0	0.0	0.0	2	28	0	51	0	34	0	34	0	44	4	0	0	0	0
FADD	C1	0.06633632692799285	0.02882971170288297	0.02590673575129534	0.6	0.0	0.19999999999999998	0.19999999999999998	0.0	0.015544041450777202	0.0	0.0051813471502590676	0.0051813471502590676	0.0	3	27	0	51	1	33	1	33	0	44	6	0	2	2	0
GRB2	C1	0.09456834635193472	0.04508954910450896	0.02590673575129534	0.6	0.0	0.0	0.19999999999999998	0.19999999999999998	0.015544041450777202	0.0	0.0	0.0051813471502590676	0.0051813471502590676	3	27	0	51	0	34	1	33	1	43	6	0	0	2	2
TUBGCP5	C1	0.10190898091019089	0.04989950100498995	0.015544041450777202	0.6666666666666667	0.0	0.0	0.33333333333333337	0.0	0.010362694300518135	0.0	0.0	0.0051813471502590676	0.0	2	28	0	51	0	34	1	33	0	44	3	0	0	1	0
CIITA	C1	0.1184596418498625	0.06047939520604794	0.031088082901554404	0.5	0.16666666666666669	0.0	0.33333333333333337	0.0	0.015544041450777202	0.0051813471502590676	0.0	0.010362694300518135	0.0	3	27	1	50	0	34	2	32	0	44	6	2	0	3	0
TMEM30A	C1	0.14023654845418757	0.07218927810721892	0.06217616580310881	0.41666666666666663	0.08333333333333334	0.25	0.16666666666666669	0.08333333333333334	0.025906735751295335	0.0051813471502590676	0.015544041450777202	0.010362694300518135	0.0051813471502590676	5	25	1	50	3	31	2	32	1	43	10	2	6	4	2
BTG2	C1	0.1583658582018831	0.08588914110858892	0.05699481865284975	0.3636363636363636	0.0909090909090909	0.0	0.1818181818181818	0.3636363636363636	0.02072538860103627	0.0051813471502590676	0.0	0.010362694300518135	0.02072538860103627	4	26	1	50	0	34	2	32	4	40	7	2	0	4	8
TRAF6	C1	0.20169833512932478	0.12084879151208489	0.02590673575129534	0.6	0.19999999999999998	0.0	0.0	0.19999999999999998	0.015544041450777202	0.0051813471502590676	0.0	0.0	0.0051813471502590676	3	27	1	50	0	34	0	34	1	43	6	2	0	0	2
CDKN2A	C1	0.2042429230880105	0.12495875041249588	0.03626943005181347	0.4285714285714286	0.0	0.14285714285714288	0.28571428571428575	0.14285714285714288	0.015544041450777202	0.0	0.0051813471502590676	0.010362694300518135	0.0051813471502590676	3	27	0	51	1	33	2	32	1	43	6	0	2	3	2
GPR126	C1	0.35023940669684206	0.24383756162438375	0.010362694300518135	0.5	0.0	0.0	0.5	0.0	0.0051813471502590676	0.0	0.0	0.0051813471502590676	0.0	1	29	0	51	0	34	1	33	0	44	1	0	0	1	0
SPEN	C1	0.3838084373647281	0.2704472955270447	0.11917098445595854	0.30434782608695654	0.30434782608695654	0.13043478260869565	0.08695652173913045	0.1739130434782609	0.03626943005181347	0.03626943005181347	0.015544041450777202	0.010362694300518135	0.02072538860103627	7	23	7	44	3	31	2	32	4	40	14	13	6	3	8
RC3H1	C1	0.443659563404366	0.3275967240327597	0.02590673575129534	0.39999999999999997	0.19999999999999998	0.0	0.0	0.39999999999999997	0.010362694300518135	0.0051813471502590676	0.0	0.0	0.010362694300518135	2	28	1	50	0	34	0	34	2	42	4	2	0	0	4
CXCR4	C1	0.46489760908842526	0.36423635763642365	0.015544041450777202	0.33333333333333337	0.0	0.33333333333333337	0.33333333333333337	0.0	0.0051813471502590676	0.0	0.0051813471502590676	0.0051813471502590676	0.0	1	29	0	51	1	33	1	33	0	44	2	0	2	2	0
SMG7	C1	0.46489760908842526	0.36135638643613566	0.015544041450777202	0.33333333333333337	0.0	0.33333333333333337	0.33333333333333337	0.0	0.0051813471502590676	0.0	0.0051813471502590676	0.0051813471502590676	0.0	1	29	0	51	1	33	1	33	0	44	2	0	2	2	0
ESX1	C1	0.46489760908842526	0.36485635143648565	0.015544041450777202	0.33333333333333337	0.0	0.33333333333333337	0.33333333333333337	0.0	0.0051813471502590676	0.0	0.0051813471502590676	0.0051813471502590676	0.0	1	29	0	51	1	33	1	33	0	44	1	0	2	2	0
PRKCB	C1	0.6530427589125124	0.5428245717542824	0.015544041450777202	0.33333333333333337	0.0	0.33333333333333337	0.0	0.33333333333333337	0.0051813471502590676	0.0	0.0051813471502590676	0.0	0.0051813471502590676	1	29	0	51	1	33	0	34	1	43	2	0	2	0	2
NLRP8	C1	0.7080652722884535	0.6078739212607874	0.03626943005181347	0.28571428571428575	0.28571428571428575	0.28571428571428575	0.0	0.14285714285714288	0.010362694300518135	0.010362694300518135	0.010362694300518135	0.0	0.0051813471502590676	2	28	2	49	2	32	0	34	1	43	4	4	3	0	2
LYN	C1	0.7080652722884535	0.6089939100608994	0.03626943005181347	0.28571428571428575	0.28571428571428575	0.0	0.28571428571428575	0.14285714285714288	0.010362694300518135	0.010362694300518135	0.0	0.010362694300518135	0.0051813471502590676	2	28	2	49	0	34	2	32	1	43	4	4	0	4	2
ALOX15	C1	0.7778576716602502	0.6925230747692523	0.010362694300518135	0.5	0.5	0.0	0.0	0.0	0.0051813471502590676	0.0051813471502590676	0.0	0.0	0.0	1	29	1	50	0	34	0	34	0	44	2	2	0	0	0
PTPRH	C1	0.7945483335864315	0.7207927920720792	0.036269430051813475	0.2857142857142857	0.2857142857142857	0.0	0.14285714285714285	0.2857142857142857	0.010362694300518135	0.010362694300518135	0.0	0.0051813471502590676	0.010362694300518135	2	28	2	49	0	34	1	33	2	42	4	4	0	2	4
ABHD14B	C1	0.9153305835362698	0.8687213127868721	0.015544041450777202	0.33333333333333337	0.33333333333333337	0.0	0.0	0.33333333333333337	0.0051813471502590676	0.0051813471502590676	0.0	0.0	0.0051813471502590676	1	29	1	50	0	34	0	34	1	43	2	2	0	0	2
ARID5B	C1	1.0	1.0	0.02590673575129534	0.19999999999999998	0.19999999999999998	0.19999999999999998	0.19999999999999998	0.19999999999999998	0.0051813471502590676	0.0051813471502590676	0.0051813471502590676	0.0051813471502590676	0.0051813471502590676	1	29	1	50	1	33	1	33	1	43	2	1	2	2	2
X17P.DEL	C2	0.00010304244783639121	9.99990000099999e-06	0.2746113989637306	0.03773584905660377	0.5660377358490565	0.1509433962264151	0.09433962264150941	0.1509433962264151	0.010362694300518135	0.15544041450777202	0.04145077720207254	0.025906735751295335	0.04145077720207254	2	28	30	21	8	26	5	29	8	36	2	31	9	5	8
TP53	C2	0.00010304244783639121	9.99990000099999e-06	0.24352331606217617	0.02127659574468085	0.5957446808510638	0.10638297872340424	0.10638297872340424	0.1702127659574468	0.0051813471502590676	0.14507772020725387	0.025906735751295335	0.025906735751295335	0.04145077720207254	1	29	28	23	5	29	5	29	8	36	2	56	10	10	16
X1P36.11.DEL	C2	0.00010304244783639121	9.99990000099999e-06	0.19170984455958548	0.10810810810810811	0.7027027027027027	0.10810810810810811	0.05405405405405406	0.02702702702702703	0.02072538860103627	0.13471502590673576	0.02072538860103627	0.010362694300518135	0.0051813471502590676	4	26	26	25	4	30	2	32	1	43	4	27	4	2	1
X1P36.32.DEL	C2	0.00010304244783639121	9.99990000099999e-06	0.25906735751295334	0.14	0.5	0.18000000000000002	0.16000000000000003	0.020000000000000004	0.03626943005181347	0.12953367875647667	0.046632124352331605	0.04145077720207254	0.0051813471502590676	7	23	25	26	9	25	8	26	1	43	7	25	9	8	1
X21Q.AMP	C2	0.00010304244783639121	9.99990000099999e-06	0.20207253886010365	0.05128205128205128	0.6153846153846153	0.1282051282051282	0.15384615384615383	0.05128205128205128	0.010362694300518135	0.12435233160621761	0.025906735751295335	0.031088082901554404	0.010362694300518135	2	28	24	27	5	29	6	28	2	42	2	29	5	7	2
X9P21.3.DEL	C2	0.00010304244783639121	9.99990000099999e-06	0.2383419689119171	0.043478260869565216	0.5217391304347826	0.13043478260869565	0.021739130434782608	0.2826086956521739	0.010362694300518135	0.12435233160621761	0.031088082901554404	0.0051813471502590676	0.06735751295336788	2	28	24	27	6	28	1	33	13	31	2	30	7	1	19
X1P31.1.DEL	C2	0.00010304244783639121	9.99990000099999e-06	0.19689119170984454	0.10526315789473686	0.6052631578947368	0.026315789473684216	0.15789473684210528	0.10526315789473686	0.02072538860103627	0.11917098445595854	0.0051813471502590676	0.031088082901554404	0.02072538860103627	4	26	23	28	1	33	6	28	4	40	4	23	1	6	5
X9Q21.13.DEL	C2	0.00010304244783639121	9.99990000099999e-06	0.13471502590673576	0.038461538461538464	0.7307692307692307	0.038461538461538464	0.038461538461538464	0.15384615384615385	0.0051813471502590676	0.09844559585492228	0.0051813471502590676	0.0051813471502590676	0.02072538860103627	1	29	19	32	1	33	1	33	4	40	1	19	1	1	4
X5P.AMP	C2	0.0003511076000351108	3.999960000399996e-05	0.15025906735751296	0.3448275862068965	0.4482758620689655	0.13793103448275862	0.06896551724137931	0.0	0.05181347150259067	0.06735751295336788	0.02072538860103627	0.010362694300518135	0.0	10	20	13	38	4	30	2	32	0	44	11	14	4	2	0
X5Q.AMP	C2	0.0003511076000351108	3.999960000399996e-05	0.11917098445595854	0.391304347826087	0.43478260869565216	0.13043478260869565	0.04347826086956522	0.0	0.046632124352331605	0.05181347150259067	0.015544041450777202	0.0051813471502590676	0.0	9	21	10	41	3	31	1	33	0	44	9	10	3	1	0
X1P13.1.DEL	C2	0.00098067984837393	0.00011999880001199988	0.17616580310880828	0.08823529411764706	0.6176470588235294	0.05882352941176471	0.11764705882352942	0.11764705882352942	0.015544041450777202	0.10880829015544041	0.010362694300518135	0.02072538860103627	0.02072538860103627	3	27	21	30	2	32	4	30	4	40	3	23	2	4	5
X14Q32.31.DEL	C2	0.001529016967894837	0.0001999980000199998	0.16062176165803108	0.03225806451612904	0.6129032258064516	0.09677419354838711	0.12903225806451615	0.12903225806451615	0.0051813471502590676	0.09844559585492228	0.015544041450777202	0.02072538860103627	0.02072538860103627	1	29	19	32	3	31	4	30	4	40	1	21	3	5	4
X3P21.31.DEL	C2	0.0019517451884304689	0.00027999720002799973	0.22797927461139897	0.045454545454545456	0.5	0.22727272727272727	0.11363636363636363	0.11363636363636363	0.010362694300518135	0.11398963730569948	0.05181347150259067	0.025906735751295335	0.025906735751295335	2	28	22	29	10	24	5	29	5	39	2	22	12	5	5
X19P13.2.DEL	C2	0.001963694648767798	0.0002899971000289997	0.08290155440414507	0.0	0.5625000000000001	0.0	0.0	0.4375	0.0	0.046632124352331605	0.0	0.0	0.03626943005181347	0	30	9	42	0	34	0	34	7	37	0	9	0	0	8
X2P16.1.AMP	C2	0.0023699763002369974	0.00037999620003799963	0.2487046632124352	0.04166666666666667	0.37500000000000006	0.20833333333333334	0.2916666666666667	0.08333333333333334	0.010362694300518135	0.09326424870466321	0.05181347150259067	0.07253886010362694	0.02072538860103627	2	28	18	33	10	24	14	20	4	40	2	27	14	21	4
X16Q12.1.DEL	C2	0.0023699763002369974	0.0003699963000369996	0.12435233160621761	0.04166666666666667	0.6666666666666667	0.125	0.08333333333333334	0.08333333333333334	0.0051813471502590676	0.08290155440414508	0.015544041450777202	0.010362694300518135	0.010362694300518135	1	29	16	35	3	31	2	32	2	42	1	16	3	2	2
X3Q28.DEL	C2	0.00271680210027168	0.0004599954000459995	0.10362694300518134	0.25	0.6	0.0	0.1	0.05	0.025906735751295335	0.06217616580310881	0.0	0.010362694300518135	0.0051813471502590676	5	25	12	39	0	34	2	32	1	43	5	14	0	2	1
X18Q23.DEL	C2	0.0037806764789494966	0.0006699933000669994	0.13471502590673576	0.0	0.5	0.23076923076923075	0.23076923076923075	0.038461538461538464	0.0	0.06735751295336788	0.031088082901554404	0.031088082901554404	0.0051813471502590676	0	30	13	38	6	28	6	28	1	43	0	14	7	6	1
X4Q35.1.DEL	C2	0.005003283300500328	0.000949990500094999	0.16580310880829016	0.03125	0.5625	0.15624999999999997	0.15624999999999997	0.09375	0.0051813471502590676	0.09326424870466321	0.025906735751295335	0.025906735751295335	0.015544041450777202	1	29	18	33	5	29	5	29	3	41	1	18	5	5	3
X3Q28.AMP	C2	0.015118814329098087	0.0036699633003669965	0.11917098445595854	0.0	0.5652173913043479	0.21739130434782608	0.08695652173913045	0.13043478260869565	0.0	0.06735751295336788	0.025906735751295335	0.010362694300518135	0.015544041450777202	0	30	13	38	5	29	2	32	3	41	0	17	7	2	3
X10Q23.31.DEL	C2	0.015118814329098087	0.0035799642003579964	0.1295336787564767	0.0	0.43999999999999995	0.31999999999999995	0.15999999999999998	0.07999999999999999	0.0	0.05699481865284974	0.04145077720207254	0.02072538860103627	0.010362694300518135	0	30	11	40	8	26	4	30	2	42	0	11	9	5	2
X13Q14.2.DEL	C2	0.015286347136528633	0.003869961300386996	0.13989637305699482	0.03703703703703704	0.40740740740740744	0.37037037037037035	0.07407407407407408	0.1111111111111111	0.0051813471502590676	0.05699481865284974	0.05181347150259067	0.010362694300518135	0.015544041450777202	1	29	11	40	10	24	2	32	3	41	1	11	11	2	3
X4Q21.22.DEL	C2	0.015696236480258145	0.004039959600403996	0.18134715025906736	0.0	0.45714285714285713	0.19999999999999998	0.14285714285714285	0.19999999999999998	0.0	0.08290155440414508	0.03626943005181347	0.025906735751295335	0.03626943005181347	0	30	16	35	7	27	5	29	7	37	0	16	7	5	8
X7Q22.1.AMP	C2	0.02531134688653113	0.008009919900800992	0.10880829015544041	0.04761904761904762	0.5238095238095238	0.09523809523809525	0.2857142857142857	0.04761904761904762	0.0051813471502590676	0.05699481865284974	0.010362694300518135	0.031088082901554404	0.0051813471502590676	1	29	11	40	2	32	6	28	1	43	1	18	3	10	1
X6P.AMP	C2	0.025945003707857656	0.008319916800831991	0.2538860103626943	0.12244897959183673	0.4489795918367347	0.16326530612244897	0.061224489795918366	0.2040816326530612	0.031088082901554404	0.11398963730569948	0.04145077720207254	0.015544041450777202	0.05181347150259067	6	24	22	29	8	26	3	31	10	34	6	26	8	3	11
X19Q13.32.DEL	C2	0.032656426682486424	0.01060989390106099	0.056994818652849735	0.0	0.5454545454545455	0.0	0.0	0.4545454545454546	0.0	0.031088082901554404	0.0	0.0	0.025906735751295335	0	30	6	45	0	34	0	34	5	39	0	6	0	0	6
X6Q.DEL	C2	0.03621439395362144	0.012469875301246987	0.2590673575129534	0.19999999999999996	0.41999999999999993	0.15999999999999998	0.09999999999999998	0.11999999999999998	0.05181347150259067	0.10880829015544041	0.04145077720207254	0.025906735751295335	0.031088082901554404	10	20	21	30	8	26	5	29	6	38	10	21	9	5	6
X13Q34.DEL	C2	0.03621439395362144	0.012529874701252988	0.1295336787564767	0.0	0.4799999999999999	0.23999999999999996	0.15999999999999998	0.11999999999999998	0.0	0.06217616580310881	0.031088082901554404	0.02072538860103627	0.015544041450777202	0	30	12	39	6	28	4	30	3	41	0	14	6	4	3
X18Q21.32.AMP	C2	0.04912314513218504	0.01823981760182398	0.08808290155440414	0.0	0.4705882352941177	0.05882352941176471	0.05882352941176471	0.4117647058823529	0.0	0.04145077720207254	0.0051813471502590676	0.0051813471502590676	0.03626943005181347	0	30	8	43	1	33	1	33	7	37	0	13	2	1	9
X11Q.AMP	C2	0.05678367458749655	0.023719762802371976	0.23316062176165803	0.13333333333333333	0.4	0.06666666666666667	0.24444444444444446	0.15555555555555556	0.031088082901554404	0.09326424870466321	0.015544041450777202	0.05699481865284974	0.03626943005181347	6	24	18	33	3	31	11	23	7	37	7	22	3	12	7
X2Q22.2.DEL	C2	0.0645759879034873	0.02751972480275197	0.09326424870466321	0.05555555555555556	0.6111111111111112	0.05555555555555556	0.11111111111111112	0.16666666666666666	0.0051813471502590676	0.05699481865284974	0.0051813471502590676	0.010362694300518135	0.015544041450777202	1	29	11	40	1	33	2	32	3	41	1	11	1	2	3
X12P13.2.DEL	C2	0.06631286628310187	0.028539714602853972	0.10880829015544041	0.0	0.5238095238095238	0.1904761904761905	0.09523809523809525	0.1904761904761905	0.0	0.05699481865284974	0.02072538860103627	0.010362694300518135	0.02072538860103627	0	30	11	40	4	30	2	32	4	40	0	11	4	2	4
X17Q24.3.AMP	C2	0.07905883205318891	0.03535964640353596	0.19689119170984454	0.07894736842105264	0.4736842105263158	0.10526315789473686	0.15789473684210528	0.1842105263157895	0.015544041450777202	0.09326424870466321	0.02072538860103627	0.031088082901554404	0.03626943005181347	3	27	18	33	4	30	6	28	7	37	6	19	6	7	9
X9P24.1.AMP	C2	0.08353622885789491	0.03841961580384196	0.15544041450777202	0.2333333333333333	0.43333333333333335	0.06666666666666667	0.06666666666666667	0.2	0.03626943005181347	0.06735751295336788	0.010362694300518135	0.010362694300518135	0.031088082901554404	7	23	13	38	2	32	2	32	6	38	9	17	2	2	9
X15Q15.3.DEL	C2	0.08628868256771978	0.04004959950400496	0.27979274611398963	0.07407407407407408	0.40740740740740744	0.14814814814814817	0.12962962962962962	0.24074074074074076	0.02072538860103627	0.11398963730569948	0.04145077720207254	0.03626943005181347	0.06735751295336788	4	26	22	29	8	26	7	27	13	31	4	22	8	7	13
X1Q.AMP	C2	0.08830277768650885	0.04172958270417296	0.2227979274611399	0.18604651162790697	0.34883720930232553	0.11627906976744184	0.2558139534883721	0.09302325581395349	0.04145077720207254	0.07772020725388601	0.025906735751295335	0.05699481865284974	0.02072538860103627	8	22	15	36	5	29	11	23	4	40	8	17	5	11	4
ZEB2	C2	0.08830277768650885	0.04162958370416296	0.056994818652849735	0.27272727272727276	0.4545454545454546	0.0	0.27272727272727276	0.0	0.015544041450777202	0.025906735751295335	0.0	0.015544041450777202	0.0	3	27	5	46	0	34	3	31	0	44	6	8	0	6	0
EP300	C2	0.09822928086508609	0.047249527504724956	0.09326424870466321	0.05555555555555556	0.5	0.2777777777777778	0.11111111111111112	0.05555555555555556	0.0051813471502590676	0.046632124352331605	0.025906735751295335	0.010362694300518135	0.0051813471502590676	1	29	9	42	5	29	2	32	1	43	1	17	10	4	2
X1Q42.12.DEL	C2	0.0986734480481282	0.04787952120478795	0.10880829015544041	0.04761904761904762	0.47619047619047616	0.09523809523809525	0.04761904761904762	0.3333333333333333	0.0051813471502590676	0.05181347150259067	0.010362694300518135	0.0051813471502590676	0.03626943005181347	1	29	10	41	2	32	1	33	7	37	1	10	2	1	8
X8Q12.1.DEL	C2	0.10190898091019089	0.05030949690503095	0.10880829015544041	0.0	0.47619047619047616	0.09523809523809525	0.14285714285714285	0.2857142857142857	0.0	0.05181347150259067	0.010362694300518135	0.015544041450777202	0.031088082901554404	0	30	10	41	2	32	3	31	6	38	0	11	2	3	6
X11Q23.3.AMP	C2	0.10621078663162949	0.053329466705332944	0.1450777202072539	0.10714285714285712	0.46428571428571425	0.03571428571428571	0.14285714285714285	0.24999999999999994	0.015544041450777202	0.06735751295336788	0.0051813471502590676	0.02072538860103627	0.03626943005181347	3	27	13	38	1	33	4	30	7	37	3	18	2	4	10
X19P13.3.DEL	C2	0.1449287907120929	0.07584924150758493	0.14507772020725387	0.07142857142857144	0.3928571428571429	0.07142857142857144	0.10714285714285715	0.35714285714285715	0.010362694300518135	0.05699481865284974	0.010362694300518135	0.015544041450777202	0.05181347150259067	2	28	11	40	2	32	3	31	10	34	2	13	3	5	12
X6P21.1.AMP	C2	0.1449287907120929	0.07643923560764393	0.08290155440414508	0.0625	0.5625	0.125	0.1875	0.0625	0.0051813471502590676	0.046632124352331605	0.010362694300518135	0.015544041450777202	0.0051813471502590676	1	29	9	42	2	32	3	31	1	43	1	11	3	4	1
X13Q.AMP	C2	0.1718591904990041	0.0957190428095719	0.19170984455958548	0.1891891891891892	0.3783783783783784	0.08108108108108109	0.08108108108108109	0.2702702702702703	0.03626943005181347	0.07253886010362694	0.015544041450777202	0.015544041450777202	0.05181347150259067	7	23	14	37	3	31	3	31	10	34	7	15	3	3	10
X7P.AMP	C2	0.1759306467085705	0.0987290127098729	0.3626943005181347	0.08571428571428572	0.3285714285714285	0.17142857142857143	0.22857142857142856	0.18571428571428572	0.031088082901554404	0.11917098445595854	0.06217616580310881	0.08290155440414508	0.06735751295336788	6	24	23	28	12	22	16	18	13	31	6	26	14	20	14
X13Q31.3.AMP	C2	0.18013575419801356	0.1024489755102449	0.09844559585492228	0.05263157894736842	0.47368421052631576	0.2631578947368421	0.05263157894736842	0.15789473684210525	0.0051813471502590676	0.046632124352331605	0.025906735751295335	0.0051813471502590676	0.015544041450777202	1	29	9	42	5	29	1	33	3	41	1	13	6	1	4
X8Q24.22.AMP	C2	0.1830377348400429	0.1065789342106579	0.2590673575129534	0.07999999999999999	0.3999999999999999	0.17999999999999997	0.15999999999999998	0.17999999999999997	0.02072538860103627	0.10362694300518134	0.046632124352331605	0.04145077720207254	0.046632124352331605	4	26	20	31	9	25	8	26	9	35	7	21	10	8	10
BCL11A	C2	0.1887114941800222	0.11067889321106789	0.05699481865284975	0.2727272727272727	0.3636363636363636	0.0	0.0	0.3636363636363636	0.015544041450777202	0.02072538860103627	0.0	0.0	0.02072538860103627	3	27	4	47	0	34	0	34	4	40	5	7	0	0	7
X1Q23.3.AMP	C2	0.20360400562661038	0.12313876861231388	0.13989637305699482	0.07407407407407408	0.4444444444444444	0.2222222222222222	0.14814814814814817	0.1111111111111111	0.010362694300518135	0.06217616580310881	0.031088082901554404	0.02072538860103627	0.015544041450777202	2	28	12	39	6	28	4	30	3	41	2	14	9	5	3
X7Q.AMP	C2	0.2192072158225786	0.14058859411405886	0.32642487046632124	0.09523809523809523	0.3333333333333333	0.14285714285714285	0.23809523809523808	0.19047619047619047	0.031088082901554404	0.10880829015544041	0.046632124352331605	0.07772020725388601	0.06217616580310881	6	24	21	30	9	25	15	19	12	32	6	22	10	17	12
TLR2	C2	0.2241563858871215	0.14470855291447085	0.036269430051813475	0.14285714285714285	0.4285714285714285	0.4285714285714285	0.0	0.0	0.0051813471502590676	0.015544041450777202	0.015544041450777202	0.0	0.0	1	29	3	48	3	31	0	34	0	44	2	6	6	0	0
X11P.AMP	C2	0.27800721992780075	0.18533814661853382	0.19689119170984454	0.13157894736842105	0.3421052631578948	0.07894736842105264	0.2631578947368421	0.1842105263157895	0.025906735751295335	0.06735751295336788	0.015544041450777202	0.05181347150259067	0.03626943005181347	5	25	13	38	3	31	10	24	7	37	5	14	3	10	7
X18Q22.2.AMP	C2	0.306977359674256	0.2085079149208508	0.07772020725388601	0.0	0.4	0.2	0.06666666666666667	0.3333333333333333	0.0	0.031088082901554404	0.015544041450777202	0.0051813471502590676	0.025906735751295335	0	30	6	45	3	31	1	33	5	39	0	8	3	1	6
X9Q.AMP	C2	0.4125431686859602	0.2959170408295917	0.11917098445595853	0.1739130434782609	0.4347826086956522	0.08695652173913045	0.08695652173913045	0.2173913043478261	0.02072538860103627	0.05181347150259067	0.010362694300518135	0.010362694300518135	0.025906735751295335	4	26	10	41	2	32	2	32	5	39	4	10	2	2	6
TMC1	C2	0.45458778745545875	0.34525654743452566	0.031088082901554404	0.0	0.33333333333333337	0.33333333333333337	0.33333333333333337	0.0	0.0	0.010362694300518135	0.010362694300518135	0.010362694300518135	0.0	0	30	2	49	2	32	2	32	0	44	0	4	4	4	0
IL6	C2	0.4547866676029372	0.34732652673473263	0.02590673575129534	0.19999999999999998	0.6	0.0	0.19999999999999998	0.0	0.0051813471502590676	0.015544041450777202	0.0	0.0051813471502590676	0.0	1	29	3	48	0	34	1	33	0	44	2	6	0	1	0
COPS6	C2	0.4756466797034158	0.37730622693773064	0.010362694300518135	0.0	1.0	0.0	0.0	0.0	0.0	0.010362694300518135	0.0	0.0	0.0	0	30	2	49	0	34	0	34	0	44	0	3	0	0	0
CCL4	C2	0.4756466797034158	0.3757762422375776	0.010362694300518135	0.0	1.0	0.0	0.0	0.0	0.0	0.010362694300518135	0.0	0.0	0.0	0	30	2	49	0	34	0	34	0	44	0	4	0	0	0
X6Q14.3.DEL	C2	0.522579774202258	0.4233557664423356	0.07253886010362695	0.0	0.2857142857142857	0.2857142857142857	0.14285714285714285	0.2857142857142857	0.0	0.02072538860103627	0.02072538860103627	0.010362694300518135	0.02072538860103627	0	30	4	47	4	30	2	32	4	40	0	4	5	2	4
HCN1	C2	0.6203292048712167	0.5130148698513015	0.02072538860103627	0.0	0.5	0.0	0.0	0.5	0.0	0.010362694300518135	0.0	0.0	0.010362694300518135	0	30	2	49	0	34	0	34	2	42	0	3	0	0	3
RAD9A	C2	0.7080652722884535	0.6036739632603674	0.02072538860103627	0.25	0.5	0.25	0.0	0.0	0.0051813471502590676	0.010362694300518135	0.0051813471502590676	0.0	0.0	1	29	2	49	1	33	0	34	0	44	2	4	2	0	0
X12P12.1.AMP	C2	0.8075639885802977	0.7398326016739832	0.04145077720207254	0.125	0.375	0.0	0.25	0.25	0.0051813471502590676	0.015544041450777202	0.0	0.010362694300518135	0.010362694300518135	1	29	3	48	0	34	2	32	2	42	1	4	0	3	2
PELP1	C2	0.8720547636152598	0.8131818681813182	0.015544041450777202	0.0	0.33333333333333337	0.33333333333333337	0.33333333333333337	0.0	0.0	0.0051813471502590676	0.0051813471502590676	0.0051813471502590676	0.0	0	30	1	50	1	33	1	33	0	44	0	1	2	2	0
P2RY8	C2	0.898295746772262	0.8414415855841442	0.07772020725388601	0.13333333333333333	0.26666666666666666	0.2	0.26666666666666666	0.13333333333333333	0.010362694300518135	0.02072538860103627	0.015544041450777202	0.02072538860103627	0.010362694300518135	2	28	4	47	3	31	4	30	2	42	4	8	6	8	4
C9ORF43	C2	0.9153305835362698	0.8797812021879782	0.010362694300518135	0.0	0.5	0.0	0.5	0.0	0.0	0.0051813471502590676	0.0	0.0051813471502590676	0.0	0	30	1	50	0	34	1	33	0	44	0	1	0	2	0
OGT	C2	0.9153305835362698	0.8794312056879431	0.010362694300518135	0.0	0.5	0.5	0.0	0.0	0.0	0.0051813471502590676	0.0051813471502590676	0.0	0.0	0	30	1	50	1	33	0	34	0	44	0	2	2	0	0
KAT6B	C2	0.9153305835362698	0.8800311996880031	0.010362694300518135	0.0	0.5	0.5	0.0	0.0	0.0	0.0051813471502590676	0.0051813471502590676	0.0	0.0	0	30	1	50	1	33	0	34	0	44	0	1	2	0	0
HLA.DMA	C2	0.9153305835362698	0.8805711942880571	0.010362694300518135	0.0	0.5	0.5	0.0	0.0	0.0	0.0051813471502590676	0.0051813471502590676	0.0	0.0	0	30	1	50	1	33	0	34	0	44	0	2	2	0	0
ZNF423	C2	0.9738644787465168	0.94510054899451	0.031088082901554404	0.0	0.33333333333333337	0.16666666666666669	0.16666666666666669	0.33333333333333337	0.0	0.010362694300518135	0.0051813471502590676	0.0051813471502590676	0.010362694300518135	0	30	2	49	1	33	1	33	2	42	0	4	2	2	3
STAT6	C2	1.0	0.986660133398666	0.046632124352331605	0.11111111111111112	0.3333333333333333	0.22222222222222224	0.11111111111111112	0.22222222222222224	0.0051813471502590676	0.015544041450777202	0.010362694300518135	0.0051813471502590676	0.010362694300518135	1	29	3	48	2	32	1	33	2	42	2	6	4	2	3
ANKRD35	C2	1.0	1.0	0.031088082901554407	0.16666666666666666	0.3333333333333333	0.16666666666666666	0.16666666666666666	0.16666666666666666	0.0051813471502590676	0.010362694300518135	0.0051813471502590676	0.0051813471502590676	0.0051813471502590676	1	29	2	49	1	33	1	33	1	43	2	4	1	2	1
POTEH	C2	1.0	1.0	0.02072538860103627	0.0	0.25	0.25	0.25	0.25	0.0	0.0051813471502590676	0.0051813471502590676	0.0051813471502590676	0.0051813471502590676	0	30	1	50	1	33	1	33	1	43	0	2	2	2	2
TBC1D12	C2	1.0	1.0	0.010362694300518135	0.0	0.5	0.0	0.0	0.5	0.0	0.0051813471502590676	0.0	0.0	0.0051813471502590676	0	30	1	50	0	34	0	34	1	43	0	2	0	0	1
KDELR3	C2	1.0	1.0	0.010362694300518135	0.0	0.5	0.0	0.0	0.5	0.0	0.0051813471502590676	0.0	0.0	0.0051813471502590676	0	30	1	50	0	34	0	34	1	43	0	2	0	0	2
SV.BCL2	C3	0.00010304244783639121	9.99990000099999e-06	0.22797927461139897	0.0	0.22727272727272727	0.5909090909090909	0.13636363636363635	0.045454545454545456	0.0	0.05181347150259067	0.13471502590673576	0.031088082901554404	0.010362694300518135	0	30	10	41	26	8	6	28	2	42	0	30	78	18	6
BCL2	C3	0.00010304244783639121	9.99990000099999e-06	0.21243523316062177	0.0	0.21951219512195122	0.5853658536585366	0.1219512195121951	0.07317073170731707	0.0	0.046632124352331605	0.12435233160621761	0.025906735751295335	0.015544041450777202	0	30	9	42	24	10	5	29	3	41	0	18	45	10	4
CREBBP	C3	0.00010304244783639121	9.99990000099999e-06	0.19689119170984454	0.026315789473684216	0.21052631578947373	0.5263157894736842	0.13157894736842105	0.10526315789473686	0.0051813471502590676	0.04145077720207254	0.10362694300518134	0.025906735751295335	0.02072538860103627	1	29	8	43	20	14	5	29	4	40	2	15	40	10	8
TNFRSF14	C3	0.00010304244783639121	9.99990000099999e-06	0.1606217616580311	0.0	0.25806451612903225	0.3870967741935483	0.3548387096774193	0.0	0.0	0.04145077720207254	0.06217616580310881	0.05699481865284974	0.0	0	30	8	43	12	22	11	23	0	44	0	15	24	22	0
EZH2	C3	0.00010304244783639121	9.99990000099999e-06	0.07253886010362695	0.0	0.14285714285714285	0.7857142857142857	0.07142857142857142	0.0	0.0	0.010362694300518135	0.05699481865284974	0.0051813471502590676	0.0	0	30	2	49	11	23	1	33	0	44	0	4	22	2	0
KMT2D	C3	0.020995987223226358	0.006289937100628994	0.2901554404145078	0.12499999999999997	0.24999999999999994	0.33928571428571425	0.10714285714285712	0.17857142857142855	0.03626943005181347	0.07253886010362694	0.09844559585492228	0.031088082901554404	0.05181347150259067	7	23	14	37	19	15	6	28	10	34	13	27	38	12	20
HVCN1	C3	0.02107006327197002	0.006469935300646994	0.03626943005181347	0.0	0.14285714285714288	0.7142857142857143	0.14285714285714288	0.0	0.0	0.0051813471502590676	0.025906735751295335	0.0051813471502590676	0.0	0	30	1	50	5	29	1	33	0	44	0	2	10	2	0
CARD11	C3	0.03700589500129095	0.012959870401295988	0.12953367875647667	0.04000000000000001	0.08000000000000002	0.32000000000000006	0.28	0.28	0.0051813471502590676	0.010362694300518135	0.04145077720207254	0.03626943005181347	0.03626943005181347	1	29	2	49	8	26	7	27	7	37	2	4	16	14	14
PTEN	C3	0.0394531348804159	0.014149858501414985	0.036269430051813475	0.14285714285714285	0.0	0.5714285714285714	0.2857142857142857	0.0	0.0051813471502590676	0.0	0.02072538860103627	0.010362694300518135	0.0	1	29	0	51	4	30	2	32	0	44	2	0	8	4	0
IL4R	C3	0.04321073068339084	0.015679843201567983	0.04145077720207253	0.0	0.25000000000000006	0.625	0.12500000000000003	0.0	0.0	0.010362694300518135	0.025906735751295335	0.0051813471502590676	0.0	0	30	2	49	5	29	1	33	0	44	0	4	9	2	0
MAP2K1	C3	0.04453920978031599	0.016349836501634983	0.04145077720207254	0.0	0.0	0.5	0.375	0.125	0.0	0.0	0.02072538860103627	0.015544041450777202	0.0051813471502590676	0	30	0	51	4	30	3	31	1	43	0	0	7	6	1
ADCY7	C3	0.050408597037625125	0.01892981070189298	0.02590673575129534	0.0	0.0	0.6	0.39999999999999997	0.0	0.0	0.0	0.015544041450777202	0.010362694300518135	0.0	0	30	0	51	3	31	2	32	0	44	0	0	3	4	0
GNAI2	C3	0.05642560595670639	0.022379776202237977	0.04145077720207254	0.25	0.0	0.375	0.375	0.0	0.010362694300518135	0.0	0.015544041450777202	0.015544041450777202	0.0	2	28	0	51	3	31	3	31	0	44	4	0	5	6	0
SCN9A	C3	0.05646407453451238	0.023109768902310975	0.031088082901554407	0.0	0.0	0.6666666666666666	0.16666666666666666	0.16666666666666666	0.0	0.0	0.02072538860103627	0.0051813471502590676	0.0051813471502590676	0	30	0	51	4	30	1	33	1	43	0	0	7	1	1
DCDC2B	C3	0.1583658582018831	0.08456915430845692	0.010362694300518135	0.0	0.0	1.0	0.0	0.0	0.0	0.0	0.010362694300518135	0.0	0.0	0	30	0	51	2	32	0	34	0	44	0	0	4	0	0
MEF2B	C3	0.1672009234106132	0.0917490825091749	0.062176165803108814	0.24999999999999997	0.16666666666666666	0.4166666666666666	0.0	0.16666666666666666	0.015544041450777202	0.010362694300518135	0.025906735751295335	0.0	0.010362694300518135	3	27	2	49	5	29	0	34	2	42	6	4	10	0	4
POU2F2	C3	0.1672009234106132	0.09241907580924191	0.046632124352331605	0.22222222222222224	0.0	0.4444444444444445	0.11111111111111112	0.22222222222222224	0.010362694300518135	0.0	0.02072538860103627	0.0051813471502590676	0.010362694300518135	2	28	0	51	4	30	1	33	2	42	4	0	8	2	4
IRF8	C3	0.21852437104768027	0.13922860771392287	0.07772020725388601	0.2	0.06666666666666667	0.3333333333333333	0.26666666666666666	0.13333333333333333	0.015544041450777202	0.0051813471502590676	0.025906735751295335	0.02072538860103627	0.010362694300518135	3	27	1	50	5	29	4	30	2	42	6	2	9	8	4
SV.MYC	C3	0.343559857084356	0.23773762262377376	0.08290155440414507	0.12500000000000003	0.3125	0.37500000000000006	0.06250000000000001	0.12500000000000003	0.010362694300518135	0.025906735751295335	0.031088082901554404	0.0051813471502590676	0.010362694300518135	2	28	5	46	6	28	1	33	2	42	6	15	18	3	6
MEF2C	C3	0.4203575205627254	0.3086169138308617	0.010362694300518135	0.0	0.0	0.5	0.5	0.0	0.0	0.0	0.0051813471502590676	0.0051813471502590676	0.0	0	30	0	51	1	33	1	33	0	44	0	0	2	2	0
OR6K2	C3	0.4203575205627254	0.3068669313306867	0.010362694300518135	0.0	0.0	0.5	0.5	0.0	0.0	0.0	0.0051813471502590676	0.0051813471502590676	0.0	0	30	0	51	1	33	1	33	0	44	0	0	2	2	0
UVRAG	C3	0.4203575205627254	0.30639693603063967	0.010362694300518135	0.0	0.0	0.5	0.5	0.0	0.0	0.0	0.0051813471502590676	0.0051813471502590676	0.0	0	30	0	51	1	33	1	33	0	44	0	0	2	2	0
PFN1	C3	0.45163274624237	0.34110658893411067	0.02072538860103627	0.0	0.0	0.5	0.25	0.25	0.0	0.0	0.010362694300518135	0.0051813471502590676	0.0051813471502590676	0	30	0	51	2	32	1	33	1	43	0	0	4	2	2
POU2AF1	C3	0.4641246994123466	0.35641643583564164	0.031088082901554407	0.16666666666666666	0.16666666666666666	0.49999999999999994	0.0	0.16666666666666666	0.0051813471502590676	0.0051813471502590676	0.015544041450777202	0.0	0.0051813471502590676	1	29	1	50	3	31	0	34	1	43	2	2	6	0	2
CXCR5	C3	0.6154038459615404	0.5063449365506345	0.02590673575129534	0.0	0.19999999999999998	0.39999999999999997	0.0	0.39999999999999997	0.0	0.0051813471502590676	0.010362694300518135	0.0	0.010362694300518135	0	30	1	50	2	32	0	34	2	42	0	2	4	0	4
DACH1	C3	0.7080652722884535	0.6094739052609474	0.010362694300518135	0.0	0.0	0.5	0.0	0.5	0.0	0.0	0.0051813471502590676	0.0	0.0051813471502590676	0	30	0	51	1	33	0	34	1	43	0	0	2	0	1
C3ORF33	C3	0.7087154006508716	0.6130238697613024	0.010362694300518135	0.0	0.0	0.5	0.0	0.5	0.0	0.0	0.0051813471502590676	0.0	0.0051813471502590676	0	30	0	51	1	33	0	34	1	43	0	0	2	0	2
BCL6	C3	0.7098530443266996	0.6176438235617644	0.05699481865284974	0.18181818181818182	0.18181818181818182	0.2727272727272727	0.2727272727272727	0.09090909090909091	0.010362694300518135	0.010362694300518135	0.015544041450777202	0.015544041450777202	0.0051813471502590676	2	28	2	49	3	31	3	31	1	43	4	4	6	6	2
GABRA2	C3	0.7098530443266996	0.6244737552624474	0.036269430051813475	0.14285714285714285	0.14285714285714285	0.4285714285714285	0.14285714285714285	0.14285714285714285	0.0051813471502590676	0.0051813471502590676	0.015544041450777202	0.0051813471502590676	0.0051813471502590676	1	29	1	50	3	31	1	33	1	43	1	2	4	2	2
SLAMF6	C3	0.7098530443266996	0.6262837371626284	0.015544041450777202	0.0	0.0	0.33333333333333337	0.33333333333333337	0.33333333333333337	0.0	0.0	0.0051813471502590676	0.0051813471502590676	0.0051813471502590676	0	30	0	51	1	33	1	33	1	43	0	0	2	2	2
CCND3	C3	0.7821368956121759	0.6996330036699633	0.046632124352331605	0.22222222222222224	0.22222222222222224	0.3333333333333333	0.11111111111111112	0.11111111111111112	0.010362694300518135	0.010362694300518135	0.015544041450777202	0.0051813471502590676	0.0051813471502590676	2	28	2	49	3	31	1	33	1	43	4	4	6	2	2
NAV1	C3	0.849097872657637	0.7858121418785812	0.02590673575129534	0.0	0.19999999999999998	0.39999999999999997	0.19999999999999998	0.19999999999999998	0.0	0.0051813471502590676	0.010362694300518135	0.0051813471502590676	0.0051813471502590676	0	30	1	50	2	32	1	33	1	43	0	2	4	2	2
NFATC4	C3	0.849097872657637	0.7881921180788192	0.02590673575129534	0.0	0.19999999999999998	0.39999999999999997	0.19999999999999998	0.19999999999999998	0.0	0.0051813471502590676	0.010362694300518135	0.0051813471502590676	0.0051813471502590676	0	30	1	50	2	32	1	33	1	43	0	2	3	2	2
BTK	C3	0.9561767701100281	0.92390076099239	0.031088082901554407	0.16666666666666666	0.16666666666666666	0.3333333333333333	0.16666666666666666	0.16666666666666666	0.0051813471502590676	0.0051813471502590676	0.010362694300518135	0.0051813471502590676	0.0051813471502590676	1	29	1	50	2	32	1	33	1	43	2	2	4	2	2
SGK1	C4	0.00010304244783639121	9.99990000099999e-06	0.15544041450777202	0.06666666666666667	0.2333333333333333	0.16666666666666666	0.5333333333333333	0.0	0.010362694300518135	0.03626943005181347	0.025906735751295335	0.08290155440414508	0.0	2	28	7	44	5	29	16	18	0	44	4	14	10	31	0
CD83	C4	0.00010304244783639121	9.99990000099999e-06	0.06735751295336787	0.07692307692307694	0.15384615384615388	0.0	0.7692307692307693	0.0	0.0051813471502590676	0.010362694300518135	0.0	0.05181347150259067	0.0	1	29	2	49	0	34	10	24	0	44	2	4	0	19	0
CRIP1	C4	0.004078563865524135	0.0007399926000739993	0.031088082901554404	0.16666666666666669	0.0	0.0	0.8333333333333333	0.0	0.0051813471502590676	0.0	0.0	0.025906735751295335	0.0	1	29	0	51	0	34	5	29	0	44	2	0	0	10	0
HIST1H2AM	C4	0.004955404991404631	0.000919990800091999	0.09326424870466321	0.16666666666666666	0.16666666666666666	0.05555555555555556	0.5555555555555556	0.05555555555555556	0.015544041450777202	0.015544041450777202	0.0051813471502590676	0.05181347150259067	0.0051813471502590676	3	27	3	48	1	33	10	24	1	43	3	5	2	17	2
SOCS1	C4	0.005203643615737756	0.001009989900100999	0.07253886010362694	0.0	0.07142857142857144	0.35714285714285715	0.5	0.07142857142857144	0.0	0.0051813471502590676	0.025906735751295335	0.03626943005181347	0.0051813471502590676	0	30	1	50	5	29	7	27	1	43	0	1	10	13	2
BRAF	C4	0.009963573833649418	0.002059979400205998	0.07253886010362695	0.14285714285714285	0.21428571428571425	0.07142857142857142	0.5714285714285714	0.0	0.010362694300518135	0.015544041450777202	0.0051813471502590676	0.04145077720207254	0.0	2	28	3	48	1	33	8	26	0	44	3	6	2	16	0
NFKBIE	C4	0.009963573833649418	0.002039979600203998	0.031088082901554404	0.0	0.16666666666666669	0.0	0.8333333333333333	0.0	0.0	0.0051813471502590676	0.0	0.025906735751295335	0.0	0	30	1	50	0	34	5	29	0	44	0	2	0	10	0
HIST1H2AC	C4	0.011760448433251516	0.002629973700262997	0.1139896373056995	0.0909090909090909	0.04545454545454545	0.0909090909090909	0.409090909090909	0.3636363636363636	0.010362694300518135	0.0051813471502590676	0.010362694300518135	0.046632124352331605	0.04145077720207254	2	28	1	50	2	32	9	25	8	36	4	2	3	13	13
CD58	C4	0.012508208251250822	0.002849971500284997	0.06735751295336788	0.3076923076923077	0.23076923076923075	0.0	0.4615384615384615	0.0	0.02072538860103627	0.015544041450777202	0.0	0.031088082901554404	0.0	4	26	3	48	0	34	6	28	0	44	8	6	0	12	0
TET2	C4	0.014823124496027766	0.0034399656003439964	0.046632124352331605	0.3333333333333333	0.11111111111111112	0.0	0.5555555555555556	0.0	0.015544041450777202	0.0051813471502590676	0.0	0.025906735751295335	0.0	3	27	1	50	0	34	5	29	0	44	6	2	0	10	0
PABPC1	C4	0.015118814329098087	0.0036999630003699963	0.02590673575129534	0.19999999999999998	0.0	0.0	0.7999999999999999	0.0	0.0051813471502590676	0.0	0.0	0.02072538860103627	0.0	1	29	0	51	0	34	4	30	0	44	2	0	0	7	0
TOX	C4	0.015286347136528633	0.003829961700382996	0.046632124352331605	0.11111111111111112	0.0	0.11111111111111112	0.6666666666666666	0.11111111111111112	0.0051813471502590676	0.0	0.0051813471502590676	0.031088082901554404	0.0051813471502590676	1	29	0	51	1	33	6	28	1	43	2	0	2	12	2
EBF1	C4	0.018094580958952316	0.004809951900480995	0.08808290155440414	0.29411764705882354	0.17647058823529413	0.11764705882352942	0.4117647058823529	0.0	0.025906735751295335	0.015544041450777202	0.010362694300518135	0.03626943005181347	0.0	5	25	3	48	2	32	7	27	0	44	10	5	4	14	0
LTB	C4	0.018558737489548182	0.005039949600503995	0.08290155440414508	0.0625	0.1875	0.0625	0.5625	0.125	0.0051813471502590676	0.015544041450777202	0.0051813471502590676	0.046632124352331605	0.010362694300518135	1	29	3	48	1	33	9	25	2	42	1	6	1	17	4
SF3B1	C4	0.02000937133485808	0.005839941600583994	0.02590673575129534	0.0	0.0	0.19999999999999998	0.7999999999999999	0.0	0.0	0.0	0.0051813471502590676	0.02072538860103627	0.0	0	30	0	51	1	33	4	30	0	44	0	0	2	7	0
HIST1H1E	C4	0.03311889958023497	0.01089989100108999	0.16062176165803108	0.09677419354838711	0.22580645161290322	0.12903225806451615	0.4193548387096775	0.12903225806451615	0.015544041450777202	0.03626943005181347	0.02072538860103627	0.06735751295336788	0.02072538860103627	3	27	7	44	4	30	13	21	4	40	6	13	8	25	8
ZFP36L1	C4	0.03347966520334797	0.01115988840111599	0.11917098445595856	0.08695652173913043	0.08695652173913043	0.13043478260869565	0.4347826086956521	0.2608695652173913	0.010362694300518135	0.010362694300518135	0.015544041450777202	0.05181347150259067	0.031088082901554404	2	28	2	49	3	31	10	24	6	38	3	3	6	18	11
HIST1H1B	C4	0.035520019799802	0.011989880101198988	0.09844559585492228	0.15789473684210525	0.10526315789473684	0.05263157894736842	0.47368421052631576	0.21052631578947367	0.015544041450777202	0.010362694300518135	0.0051813471502590676	0.046632124352331605	0.02072538860103627	3	27	2	49	1	33	9	25	4	40	6	3	2	17	8
RHOA	C4	0.05365001295041995	0.02039979600203998	0.05181347150259067	0.3	0.1	0.0	0.5	0.1	0.015544041450777202	0.0051813471502590676	0.0	0.025906735751295335	0.0051813471502590676	3	27	1	50	0	34	5	29	1	43	6	2	0	10	2
HIST1H1C	C4	0.05476429106676675	0.021489785102148978	0.15025906735751296	0.13793103448275862	0.20689655172413793	0.10344827586206896	0.41379310344827586	0.13793103448275862	0.02072538860103627	0.031088082901554404	0.015544041450777202	0.06217616580310881	0.02072538860103627	4	26	6	45	3	31	12	22	4	40	7	11	5	23	8
KRAS	C4	0.05646407453451238	0.022979770202297977	0.031088082901554407	0.0	0.0	0.16666666666666666	0.6666666666666666	0.16666666666666666	0.0	0.0	0.0051813471502590676	0.02072538860103627	0.0051813471502590676	0	30	0	51	1	33	4	30	1	43	0	0	2	8	2
CD274	C4	0.061026889731102686	0.025749742502574974	0.031088082901554404	0.16666666666666669	0.16666666666666669	0.0	0.6666666666666667	0.0	0.0051813471502590676	0.0051813471502590676	0.0	0.02072538860103627	0.0	1	29	1	50	0	34	4	30	0	44	2	2	0	8	0
GNA13	C4	0.07713817092598305	0.03384966150338497	0.1088082901554404	0.2380952380952381	0.14285714285714288	0.2380952380952381	0.33333333333333337	0.04761904761904763	0.025906735751295335	0.015544041450777202	0.025906735751295335	0.03626943005181347	0.0051813471502590676	5	25	3	48	5	29	7	27	1	43	10	6	10	14	2
KLHL6	C4	0.07859292835643074	0.03481965180348197	0.08808290155440415	0.058823529411764705	0.1764705882352941	0.058823529411764705	0.47058823529411764	0.23529411764705882	0.0051813471502590676	0.015544041450777202	0.0051813471502590676	0.04145077720207254	0.02072538860103627	1	29	3	48	1	33	8	26	4	40	2	6	2	16	8
NFKBIA	C4	0.07913948897894199	0.03572964270357296	0.04145077720207253	0.0	0.12500000000000003	0.12500000000000003	0.625	0.12500000000000003	0.0	0.0051813471502590676	0.0051813471502590676	0.025906735751295335	0.0051813471502590676	0	30	1	50	1	33	5	29	1	43	0	2	2	10	2
FCRL3	C4	0.08321250120832126	0.037919620803791965	0.036269430051813475	0.2857142857142857	0.0	0.2857142857142857	0.4285714285714285	0.0	0.010362694300518135	0.0	0.010362694300518135	0.015544041450777202	0.0	2	28	0	51	2	32	3	31	0	44	3	0	4	5	0
SIN3A	C4	0.10621078663162949	0.053119468805311945	0.05699481865284974	0.09090909090909091	0.36363636363636365	0.09090909090909091	0.45454545454545453	0.0	0.0051813471502590676	0.02072538860103627	0.0051813471502590676	0.025906735751295335	0.0	1	29	4	47	1	33	5	29	0	44	2	8	2	9	0
STAT3	C4	0.11680033199668002	0.05913940860591394	0.07253886010362694	0.07142857142857144	0.2142857142857143	0.07142857142857144	0.5	0.14285714285714288	0.0051813471502590676	0.015544041450777202	0.0051813471502590676	0.03626943005181347	0.010362694300518135	1	29	3	48	1	33	7	27	2	42	2	6	2	14	4
X12P.AMP	C4	0.18104179252325123	0.1038889611103889	0.22797927461139897	0.06818181818181818	0.2727272727272727	0.18181818181818182	0.29545454545454547	0.18181818181818182	0.015544041450777202	0.06217616580310881	0.04145077720207254	0.06735751295336788	0.04145077720207254	3	27	12	39	8	26	13	21	8	36	3	12	8	13	8
RAC2	C4	0.1910878034076802	0.11287887121128788	0.015544041450777202	0.0	0.0	0.33333333333333337	0.6666666666666667	0.0	0.0	0.0	0.0051813471502590676	0.010362694300518135	0.0	0	30	0	51	1	33	2	32	0	44	0	0	2	4	0
YY1	C4	0.19274126407672093	0.11466885331146688	0.031088082901554404	0.0	0.0	0.16666666666666669	0.5	0.33333333333333337	0.0	0.0	0.0051813471502590676	0.015544041450777202	0.010362694300518135	0	30	0	51	1	33	3	31	2	42	0	0	2	6	4
DUSP2	C4	0.21533381981616428	0.13472865271347287	0.056994818652849735	0.0	0.18181818181818185	0.09090909090909093	0.4545454545454546	0.27272727272727276	0.0	0.010362694300518135	0.0051813471502590676	0.025906735751295335	0.015544041450777202	0	30	2	49	1	33	5	29	3	41	0	3	2	10	6
HIST1H1D	C4	0.2176428235717643	0.13774862251377487	0.08808290155440415	0.11764705882352941	0.1764705882352941	0.058823529411764705	0.41176470588235287	0.23529411764705882	0.010362694300518135	0.015544041450777202	0.0051813471502590676	0.03626943005181347	0.02072538860103627	2	28	3	48	1	33	7	27	4	40	4	6	1	14	7
EEF1A1	C4	0.22865654460338514	0.14857851421485785	0.046632124352331605	0.11111111111111112	0.3333333333333333	0.11111111111111112	0.4444444444444445	0.0	0.0051813471502590676	0.015544041450777202	0.0051813471502590676	0.02072538860103627	0.0	1	29	3	48	1	33	4	30	0	44	2	5	2	8	0
NANOG	C4	0.2395651043489565	0.15768842311576883	0.02072538860103627	0.25	0.0	0.25	0.5	0.0	0.0051813471502590676	0.0	0.0051813471502590676	0.010362694300518135	0.0	1	29	0	51	1	33	2	32	0	44	2	0	2	4	0
PTPN6	C4	0.2838456521095166	0.19042809571904282	0.04145077720207254	0.125	0.25	0.0	0.5	0.125	0.0051813471502590676	0.010362694300518135	0.0	0.02072538860103627	0.0051813471502590676	1	29	2	49	0	34	4	30	1	43	2	4	0	8	2
X12Q.AMP	C4	0.306977359674256	0.21038789612103878	0.21761658031088085	0.09523809523809523	0.21428571428571425	0.21428571428571425	0.2857142857142857	0.19047619047619047	0.02072538860103627	0.046632124352331605	0.046632124352331605	0.06217616580310881	0.04145077720207254	4	26	9	42	9	25	12	22	8	36	4	9	9	12	8
ACTB	C4	0.306977359674256	0.20946790532094678	0.10362694300518134	0.2	0.15	0.25	0.3	0.1	0.02072538860103627	0.015544041450777202	0.025906735751295335	0.031088082901554404	0.010362694300518135	4	26	3	48	5	29	6	28	2	42	8	5	10	11	4
DOCK1	C4	0.306977359674256	0.2111278887211128	0.06217616580310881	0.08333333333333334	0.33333333333333337	0.08333333333333334	0.41666666666666663	0.08333333333333334	0.0051813471502590676	0.02072538860103627	0.0051813471502590676	0.025906735751295335	0.0051813471502590676	1	29	4	47	1	33	5	29	1	43	2	7	2	10	2
ETS1	C4	0.3838084373647281	0.27023729762702375	0.05699481865284975	0.0909090909090909	0.0909090909090909	0.0909090909090909	0.3636363636363636	0.3636363636363636	0.0051813471502590676	0.0051813471502590676	0.0051813471502590676	0.02072538860103627	0.02072538860103627	1	29	1	50	1	33	4	30	4	40	2	2	1	8	8
VEZF1	C4	0.4007658137704337	0.2840871591284087	0.02072538860103627	0.25	0.0	0.0	0.5	0.25	0.0051813471502590676	0.0	0.0	0.010362694300518135	0.0051813471502590676	1	29	0	51	0	34	2	32	1	43	2	0	0	3	2
C2ORF16	C4	0.44916376678929837	0.33734662653373465	0.02072538860103627	0.0	0.0	0.25	0.5	0.25	0.0	0.0	0.0051813471502590676	0.010362694300518135	0.0051813471502590676	0	30	0	51	1	33	2	32	1	43	0	0	2	3	2
MSL2	C4	0.46489760908842526	0.3591764082359176	0.031088082901554407	0.16666666666666666	0.16666666666666666	0.0	0.49999999999999994	0.16666666666666666	0.0051813471502590676	0.0051813471502590676	0.0	0.015544041450777202	0.0051813471502590676	1	29	1	50	0	34	3	31	1	43	2	2	0	6	1
BCL7A	C4	0.4932685593778983	0.39336606633933663	0.062176165803108814	0.24999999999999997	0.16666666666666666	0.16666666666666666	0.3333333333333333	0.08333333333333333	0.015544041450777202	0.010362694300518135	0.010362694300518135	0.02072538860103627	0.0051813471502590676	3	27	2	49	2	32	4	30	1	43	6	4	4	8	2
PAX5	C4	0.666332532654573	0.5571544284557154	0.02072538860103627	0.0	0.25	0.0	0.5	0.25	0.0	0.0051813471502590676	0.0	0.010362694300518135	0.0051813471502590676	0	30	1	50	0	34	2	32	1	43	0	1	0	3	2
PRPS1	C4	0.666332532654573	0.5594944050559495	0.02072538860103627	0.0	0.25	0.0	0.5	0.25	0.0	0.0051813471502590676	0.0	0.010362694300518135	0.0051813471502590676	0	30	1	50	0	34	2	32	1	43	0	2	0	4	2
GLDC	C4	0.7080652722884535	0.6082539174608254	0.010362694300518135	0.0	0.0	0.0	0.5	0.5	0.0	0.0	0.0	0.0051813471502590676	0.0051813471502590676	0	30	0	51	0	34	1	33	1	43	0	0	0	1	1
IKZF3	C4	0.7098530443266996	0.6289837101628983	0.04663212435233161	0.2222222222222222	0.1111111111111111	0.1111111111111111	0.33333333333333326	0.2222222222222222	0.010362694300518135	0.0051813471502590676	0.0051813471502590676	0.015544041450777202	0.010362694300518135	2	28	1	50	1	33	3	31	2	42	3	2	2	6	3
FOXO1	C4	0.7845734218714151	0.7051229487705123	0.02590673575129534	0.19999999999999998	0.19999999999999998	0.0	0.39999999999999997	0.19999999999999998	0.0051813471502590676	0.0051813471502590676	0.0	0.010362694300518135	0.0051813471502590676	1	29	1	50	0	34	2	32	1	43	2	2	0	4	1
XPO1	C4	0.7983747940298376	0.7276327236727633	0.031088082901554404	0.0	0.16666666666666669	0.16666666666666669	0.33333333333333337	0.33333333333333337	0.0	0.0051813471502590676	0.0051813471502590676	0.010362694300518135	0.010362694300518135	0	30	1	50	1	33	2	32	2	42	0	2	1	4	4
X6Q23.3.DEL	C4	0.9153305835362698	0.8730912690873092	0.13471502590673573	0.15384615384615388	0.19230769230769232	0.19230769230769232	0.2307692307692308	0.2307692307692308	0.02072538860103627	0.025906735751295335	0.025906735751295335	0.031088082901554404	0.031088082901554404	4	26	5	46	5	29	6	28	6	38	4	5	5	6	7
X18Q.AMP	C5	0.00010304244783639121	9.99990000099999e-06	0.36787564766839376	0.07042253521126761	0.323943661971831	0.09859154929577464	0.07042253521126761	0.43661971830985913	0.025906735751295335	0.11917098445595854	0.03626943005181347	0.025906735751295335	0.16062176165803108	5	25	23	28	7	27	5	29	31	13	5	26	10	5	42
PIM1	C5	0.00010304244783639121	9.99990000099999e-06	0.29015544041450775	0.125	0.16071428571428573	0.07142857142857144	0.16071428571428573	0.48214285714285715	0.03626943005181347	0.046632124352331605	0.02072538860103627	0.046632124352331605	0.13989637305699482	7	23	9	42	4	30	9	25	27	17	14	13	8	16	51
CD79B	C5	0.00010304244783639121	9.99990000099999e-06	0.15025906735751293	0.1724137931034483	0.10344827586206898	0.06896551724137932	0.03448275862068966	0.6206896551724139	0.025906735751295335	0.015544041450777202	0.010362694300518135	0.0051813471502590676	0.09326424870466321	5	25	3	48	2	32	1	33	18	26	9	4	4	2	36
MYD88.L265P	C5	0.00010304244783639121	9.99990000099999e-06	0.10880829015544041	0.0	0.1904761904761905	0.0	0.04761904761904762	0.761904761904762	0.0	0.02072538860103627	0.0	0.0051813471502590676	0.08290155440414508	0	30	4	47	0	34	1	33	16	28	0	8	0	2	32
ETV6	C5	0.00010304244783639121	9.99990000099999e-06	0.08290155440414507	0.06250000000000001	0.06250000000000001	0.0	0.0	0.875	0.0051813471502590676	0.0051813471502590676	0.0	0.0	0.07253886010362694	1	29	1	50	0	34	0	34	14	30	2	2	0	0	27
MYD88	C5	0.00019749802501974983	1.999980000199998e-05	0.18652849740932642	0.19444444444444442	0.19444444444444442	0.0	0.08333333333333333	0.5277777777777778	0.03626943005181347	0.03626943005181347	0.0	0.015544041450777202	0.09844559585492228	7	23	7	44	0	34	3	31	19	25	14	14	0	6	38
X3Q.AMP	C5	0.0003511076000351108	3.999960000399996e-05	0.26943005181347146	0.07692307692307694	0.2692307692307693	0.09615384615384616	0.07692307692307694	0.4807692307692308	0.02072538860103627	0.07253886010362694	0.025906735751295335	0.02072538860103627	0.12953367875647667	4	26	14	37	5	29	4	30	25	19	4	16	5	4	29
X19Q.AMP	C5	0.0013429865701342985	0.00016999830001699983	0.16580310880829013	0.0	0.3125	0.09375000000000001	0.09375000000000001	0.5000000000000001	0.0	0.05181347150259067	0.015544041450777202	0.015544041450777202	0.08290155440414508	0	30	10	41	3	31	3	31	16	28	0	10	3	3	19
GRHPR	C5	0.00271680210027168	0.0004699953000469995	0.031088082901554404	0.0	0.0	0.0	0.0	1.0	0.0	0.0	0.0	0.0	0.031088082901554404	0	30	0	51	0	34	0	34	6	38	0	0	0	0	12
TBL1XR1	C5	0.009429480173283374	0.001869981300186998	0.09844559585492227	0.10526315789473686	0.10526315789473686	0.10526315789473686	0.05263157894736843	0.6315789473684211	0.010362694300518135	0.010362694300518135	0.010362694300518135	0.0051813471502590676	0.06217616580310881	2	28	2	49	2	32	1	33	12	32	4	4	4	1	24
X3P.AMP	C5	0.011385180265844399	0.0024499755002449974	0.18652849740932642	0.08333333333333333	0.2777777777777778	0.05555555555555556	0.11111111111111112	0.4722222222222222	0.015544041450777202	0.05181347150259067	0.010362694300518135	0.02072538860103627	0.08808290155440414	3	27	10	41	2	32	4	30	17	27	3	10	2	4	20
IGLL5	C5	0.01139411682806249	0.0024999750002499977	0.11917098445595856	0.2608695652173913	0.17391304347826086	0.0	0.08695652173913043	0.47826086956521735	0.031088082901554404	0.02072538860103627	0.0	0.010362694300518135	0.05699481865284974	6	24	4	47	0	34	2	32	11	33	11	7	0	4	20
HLA.A	C5	0.01685741207104058	0.004409955900440995	0.09844559585492228	0.15789473684210525	0.05263157894736842	0.10526315789473684	0.10526315789473684	0.5789473684210527	0.015544041450777202	0.0051813471502590676	0.010362694300518135	0.010362694300518135	0.05699481865284974	3	27	1	50	2	32	2	32	11	33	6	2	4	4	22
PRDM1	C5	0.018558737489548182	0.005089949100508995	0.10362694300518134	0.3	0.05	0.15	0.05	0.45	0.031088082901554404	0.0051813471502590676	0.015544041450777202	0.0051813471502590676	0.046632124352331605	6	24	1	50	3	31	1	33	9	35	11	2	6	1	18
BTG1	C5	0.019587157069605777	0.005619943800561995	0.22797927461139894	0.13636363636363638	0.09090909090909093	0.1590909090909091	0.2272727272727273	0.38636363636363635	0.031088082901554404	0.02072538860103627	0.03626943005181347	0.05181347150259067	0.08808290155440414	6	24	4	47	7	27	10	24	17	27	10	6	12	15	29
HLA.C	C5	0.019587157069605777	0.005599944000559995	0.05181347150259068	0.3	0.0	0.0	0.09999999999999999	0.6	0.015544041450777202	0.0	0.0	0.0051813471502590676	0.031088082901554404	3	27	0	51	0	34	1	33	6	38	6	0	0	2	12
HLA.B	C5	0.02000937133485808	0.005909940900590994	0.11398963730569947	0.3181818181818182	0.04545454545454546	0.09090909090909093	0.13636363636363638	0.4090909090909091	0.03626943005181347	0.0051813471502590676	0.010362694300518135	0.015544041450777202	0.046632124352331605	7	23	1	50	2	32	3	31	9	35	14	2	3	6	18
X18P.AMP	C5	0.02107006327197002	0.006489935100648993	0.2538860103626943	0.1020408163265306	0.3061224489795918	0.14285714285714285	0.061224489795918366	0.3877551020408163	0.025906735751295335	0.07772020725388601	0.03626943005181347	0.015544041450777202	0.09844559585492228	5	25	15	36	7	27	3	31	19	25	5	17	9	3	22
X17Q25.1.DEL	C5	0.02531134688653113	0.007909920900790991	0.07772020725388601	0.2	0.26666666666666666	0.0	0.0	0.5333333333333333	0.015544041450777202	0.02072538860103627	0.0	0.0	0.04145077720207254	3	27	4	47	0	34	0	34	8	36	4	4	0	0	9
X6P21.33.DEL	C5	0.14283442531428345	0.07412925870741292	0.18652849740932642	0.08333333333333333	0.3055555555555556	0.22222222222222224	0.05555555555555556	0.3333333333333333	0.015544041450777202	0.05699481865284974	0.04145077720207254	0.010362694300518135	0.06217616580310881	3	27	11	40	8	26	2	32	12	32	3	12	8	2	12
X19Q13.42.AMP	C5	0.1583658582018831	0.08619913800861992	0.11917098445595856	0.17391304347826086	0.3043478260869565	0.0	0.17391304347826086	0.34782608695652173	0.02072538860103627	0.03626943005181347	0.0	0.02072538860103627	0.04145077720207254	4	26	7	44	0	34	4	30	8	36	5	8	0	4	10
ZC3H12A	C5	0.1583658582018831	0.08509914900850991	0.04145077720207254	0.0	0.125	0.0	0.375	0.5	0.0	0.0051813471502590676	0.0	0.015544041450777202	0.02072538860103627	0	30	1	50	0	34	3	31	4	40	0	2	0	5	8
X6Q14.1.DEL	C5	0.18013575419801356	0.1026089739102609	0.08290155440414507	0.06250000000000001	0.06250000000000001	0.3125	0.18750000000000003	0.37500000000000006	0.0051813471502590676	0.0051813471502590676	0.025906735751295335	0.015544041450777202	0.031088082901554404	1	29	1	50	5	29	3	31	6	38	1	1	5	3	6
PIM2	C5	0.18124264012834324	0.10476895231047689	0.036269430051813475	0.2857142857142857	0.14285714285714285	0.0	0.0	0.5714285714285714	0.010362694300518135	0.0051813471502590676	0.0	0.0	0.02072538860103627	2	28	1	50	0	34	0	34	4	40	3	1	0	0	6
X6Q21.DEL	C5	0.20360400562661038	0.12370876291237087	0.14507772020725387	0.10714285714285715	0.32142857142857145	0.07142857142857144	0.10714285714285715	0.3928571428571429	0.015544041450777202	0.046632124352331605	0.010362694300518135	0.015544041450777202	0.05699481865284974	3	27	9	42	2	32	3	31	11	33	3	9	2	3	13
ZC3H18	C5	0.21533381981616428	0.13435865641343586	0.031088082901554404	0.16666666666666669	0.0	0.0	0.33333333333333337	0.5	0.0051813471502590676	0.0	0.0	0.010362694300518135	0.015544041450777202	1	29	0	51	0	34	2	32	3	41	2	0	0	3	6
TSR1	C5	0.21533381981616428	0.13537864621353787	0.010362694300518135	0.0	0.0	0.0	0.0	1.0	0.0	0.0	0.0	0.0	0.010362694300518135	0	30	0	51	0	34	0	34	2	42	0	0	0	0	3
DAZAP1	C5	0.21533381981616428	0.13413865861341387	0.010362694300518135	0.0	0.0	0.0	0.0	1.0	0.0	0.0	0.0	0.0	0.010362694300518135	0	30	0	51	0	34	0	34	2	42	0	0	0	0	4
ARHGAP25	C5	0.2314778787695994	0.15138848611513886	0.05181347150259068	0.09999999999999999	0.0	0.19999999999999998	0.3	0.39999999999999997	0.0051813471502590676	0.0	0.010362694300518135	0.015544041450777202	0.02072538860103627	1	29	0	51	2	32	3	31	4	40	2	0	4	6	7
OSBPL10	C5	0.24999476119888484	0.16560834391656085	0.036269430051813475	0.0	0.0	0.2857142857142857	0.2857142857142857	0.4285714285714285	0.0	0.0	0.010362694300518135	0.010362694300518135	0.015544041450777202	0	30	0	51	2	32	2	32	3	41	0	0	4	4	5
FCGBP	C5	0.4078182295100126	0.2908070919290807	0.05181347150259068	0.0	0.3	0.09999999999999999	0.09999999999999999	0.49999999999999994	0.0	0.015544041450777202	0.0051813471502590676	0.0051813471502590676	0.025906735751295335	0	30	3	48	1	33	1	33	5	39	0	6	2	1	9
TMSB4X	C5	0.4203575205627254	0.30464695353046467	0.13989637305699482	0.18518518518518517	0.18518518518518517	0.07407407407407408	0.2222222222222222	0.3333333333333333	0.025906735751295335	0.025906735751295335	0.010362694300518135	0.031088082901554404	0.046632124352331605	5	25	5	46	2	32	6	28	9	35	10	9	4	12	17
IRF2BP2	C5	0.4451650369859938	0.3305866941330587	0.015544041450777202	0.0	0.0	0.0	0.33333333333333337	0.6666666666666667	0.0	0.0	0.0	0.0051813471502590676	0.010362694300518135	0	30	0	51	0	34	1	33	2	42	0	0	0	2	4
HIST1H2AG	C5	0.44916376678929837	0.33567664323356766	0.05181347150259068	0.09999999999999999	0.19999999999999998	0.0	0.3	0.39999999999999997	0.0051813471502590676	0.010362694300518135	0.0	0.015544041450777202	0.02072538860103627	1	29	2	49	0	34	3	31	4	40	1	3	0	4	8
X17P11.2.DEL	C5	0.5000525257905316	0.4008859911400886	0.02590673575129534	0.0	0.19999999999999998	0.0	0.19999999999999998	0.6	0.0	0.0051813471502590676	0.0	0.0051813471502590676	0.015544041450777202	0	30	1	50	0	34	1	33	3	41	0	1	0	1	3
BCOR	C5	0.5215312768338285	0.4203057969420306	0.02072538860103627	0.25	0.0	0.25	0.0	0.5	0.0051813471502590676	0.0	0.0051813471502590676	0.0	0.010362694300518135	1	29	0	51	1	33	0	34	2	42	2	0	2	0	4
X1Q32.1.AMP	C5	0.524255949150353	0.4269257307426926	0.10362694300518135	0.049999999999999996	0.3	0.09999999999999999	0.19999999999999998	0.3499999999999999	0.0051813471502590676	0.031088082901554404	0.010362694300518135	0.02072538860103627	0.03626943005181347	1	29	6	45	2	32	4	30	7	37	2	7	3	5	9
FUT5	C5	0.6007401266193524	0.4917450825491745	0.02072538860103627	0.0	0.0	0.25	0.25	0.5	0.0	0.0	0.0051813471502590676	0.0051813471502590676	0.010362694300518135	0	30	0	51	1	33	1	33	2	42	0	0	2	2	4
ARHGEF6	C5	0.7098530443266996	0.6205837941620583	0.02590673575129534	0.19999999999999998	0.0	0.19999999999999998	0.19999999999999998	0.39999999999999997	0.0051813471502590676	0.0	0.0051813471502590676	0.0051813471502590676	0.010362694300518135	1	29	0	51	1	33	1	33	2	42	2	0	2	2	4
X21Q22.3.AMP	C5	0.7926795498400157	0.7157528424715753	0.06735751295336788	0.15384615384615385	0.23076923076923075	0.15384615384615385	0.07692307692307693	0.3846153846153846	0.010362694300518135	0.015544041450777202	0.010362694300518135	0.0051813471502590676	0.025906735751295335	2	28	3	48	2	32	1	33	5	39	2	6	2	1	5
HIST1H3B	C5	0.8075639885802977	0.7428225717742822	0.02072538860103627	0.0	0.25	0.0	0.25	0.5	0.0	0.0051813471502590676	0.0	0.0051813471502590676	0.010362694300518135	0	30	1	50	0	34	1	33	2	42	0	2	0	2	3
SMEK1	C5	0.9961697785619547	0.970950290497095	0.031088082901554404	0.16666666666666669	0.16666666666666669	0.16666666666666669	0.16666666666666669	0.33333333333333337	0.0051813471502590676	0.0051813471502590676	0.0051813471502590676	0.0051813471502590676	0.010362694300518135	1	29	1	50	1	33	1	33	2	42	2	2	2	2	4
