gene	cluster	q	p	overall_frequency	C1_nf	C2_nf	C3_nf	C4_nf	C5_nf	C1_f	C2_f	C3_f	C4_f	C5_f	C1_mut	C1_wt	C2_mut	C2_wt	C3_mut	C3_wt	C4_mut	C4_wt	C5_mut	C5_wt	C1_sum	C2_sum	C3_sum	C4_sum	C5_sum
SV.BCL6	C1	0.00011476075715433323	9.99990000099999e-06	0.21243523316062177	0.4878048780487804	0.17073170731707316	0.04878048780487805	0.17073170731707316	0.1219512195121951	0.10362694300518134	0.03626943005181347	0.010362694300518135	0.03626943005181347	0.025906735751295335	20	8	7	43	2	36	7	28	5	37	60	21	6	21	15
CD70	C1	0.00011476075715433323	9.99990000099999e-06	0.09326424870466321	0.5555555555555556	0.05555555555555556	0.05555555555555556	0.3333333333333333	0.0	0.05181347150259067	0.0051813471502590676	0.0051813471502590676	0.031088082901554404	0.0	10	18	1	49	1	37	6	29	0	42	20	2	2	12	0
BCL10	C1	0.00011476075715433323	9.99990000099999e-06	0.06217616580310881	0.75	0.16666666666666669	0.08333333333333334	0.0	0.0	0.046632124352331605	0.010362694300518135	0.0051813471502590676	0.0	0.0	9	19	2	48	1	37	0	35	0	42	18	4	2	0	0
NOTCH2	C1	0.0002891971080289197	2.999970000299997e-05	0.07253886010362695	0.6428571428571428	0.21428571428571425	0.07142857142857142	0.0	0.07142857142857142	0.046632124352331605	0.015544041450777202	0.0051813471502590676	0.0	0.0051813471502590676	9	19	3	47	1	37	0	35	1	41	18	6	2	0	2
FAS	C1	0.0012802996970030299	0.00016999830001699983	0.07253886010362695	0.4285714285714285	0.14285714285714285	0.0	0.4285714285714285	0.0	0.031088082901554404	0.010362694300518135	0.0	0.031088082901554404	0.0	6	22	2	48	0	38	6	29	0	42	12	4	0	12	0
UBE2A	C1	0.0019413694751941367	0.0002899971000289997	0.031088082901554404	0.8333333333333333	0.0	0.0	0.0	0.16666666666666669	0.025906735751295335	0.0	0.0	0.0	0.0051813471502590676	5	23	0	50	0	38	0	35	1	41	10	0	0	0	2
TNIP1	C1	0.0029043299310596636	0.0004699953000469995	0.02072538860103627	1.0	0.0	0.0	0.0	0.0	0.02072538860103627	0.0	0.0	0.0	0.0	4	24	0	50	0	38	0	35	0	42	8	0	0	0	0
B2M	C1	0.005268319409829157	0.000919990800091999	0.08290155440414508	0.43749999999999994	0.0625	0.25	0.25	0.0	0.03626943005181347	0.0051813471502590676	0.02072538860103627	0.02072538860103627	0.0	7	21	1	49	4	34	4	31	0	42	14	2	8	8	0
DTX1	C1	0.009486075352012437	0.0018499815001849981	0.12953367875647667	0.36000000000000004	0.04000000000000001	0.16000000000000003	0.28	0.16000000000000003	0.046632124352331605	0.0051813471502590676	0.02072538860103627	0.03626943005181347	0.02072538860103627	9	19	1	49	4	34	7	28	4	38	18	2	6	14	7
TNFAIP3	C1	0.04418289150441829	0.014299857001429985	0.08290155440414508	0.43749999999999994	0.125	0.25	0.125	0.0625	0.03626943005181347	0.010362694300518135	0.02072538860103627	0.010362694300518135	0.0051813471502590676	7	21	2	48	4	34	2	33	1	41	14	4	7	4	2
CTSE	C1	0.05737385807960103	0.02065979340206598	0.010362694300518135	1.0	0.0	0.0	0.0	0.0	0.010362694300518135	0.0	0.0	0.0	0.0	2	26	0	50	0	38	0	35	0	42	4	0	0	0	0
RAB5B	C1	0.05737385807960103	0.02074979250207498	0.010362694300518135	1.0	0.0	0.0	0.0	0.0	0.010362694300518135	0.0	0.0	0.0	0.0	2	26	0	50	0	38	0	35	0	42	4	0	0	0	0
FADD	C1	0.07425135748642513	0.03062969370306297	0.02590673575129534	0.6	0.0	0.19999999999999998	0.19999999999999998	0.0	0.015544041450777202	0.0	0.0051813471502590676	0.0051813471502590676	0.0	3	25	0	50	1	37	1	34	0	42	6	0	2	2	0
GRB2	C1	0.07812912347067005	0.034039659603403966	0.02590673575129534	0.6	0.0	0.0	0.19999999999999998	0.19999999999999998	0.015544041450777202	0.0	0.0	0.0051813471502590676	0.0051813471502590676	3	25	0	50	0	38	1	34	1	41	6	0	0	2	2
TUBGCP5	C1	0.08052022283515484	0.035749642503574965	0.015544041450777202	0.6666666666666667	0.0	0.0	0.33333333333333337	0.0	0.010362694300518135	0.0	0.0	0.0051813471502590676	0.0	2	26	0	50	0	38	1	34	0	42	3	0	0	1	0
CIITA	C1	0.09631372712821544	0.045159548404515956	0.031088082901554404	0.5	0.16666666666666669	0.0	0.33333333333333337	0.0	0.015544041450777202	0.0051813471502590676	0.0	0.010362694300518135	0.0	3	25	1	49	0	38	2	33	0	42	6	2	0	3	0
BTG2	C1	0.10599702698625188	0.05057949420505795	0.05699481865284975	0.3636363636363636	0.0909090909090909	0.0	0.1818181818181818	0.3636363636363636	0.02072538860103627	0.0051813471502590676	0.0	0.010362694300518135	0.02072538860103627	4	24	1	49	0	38	2	33	4	38	7	2	0	4	8
TMEM30A	C1	0.1323679263207368	0.06590934090659094	0.06217616580310881	0.41666666666666663	0.08333333333333334	0.25	0.16666666666666669	0.08333333333333334	0.025906735751295335	0.0051813471502590676	0.015544041450777202	0.010362694300518135	0.0051813471502590676	5	23	1	49	3	35	2	33	1	41	10	2	6	4	2
CDKN2A	C1	0.20882721405344087	0.11177888221117789	0.03626943005181347	0.4285714285714286	0.0	0.14285714285714288	0.28571428571428575	0.14285714285714288	0.015544041450777202	0.0	0.0051813471502590676	0.010362694300518135	0.0051813471502590676	3	25	0	50	1	37	2	33	1	41	6	0	2	3	2
MYD88.OTHER	C1	0.23331465933460965	0.12875871241287587	0.08290155440414508	0.375	0.25	0.0625	0.125	0.1875	0.031088082901554404	0.02072538860103627	0.0051813471502590676	0.010362694300518135	0.015544041450777202	6	22	4	46	1	37	2	33	3	39	12	8	2	4	6
IRF4	C1	0.2850387182402686	0.18095819041809583	0.02590673575129534	0.39999999999999997	0.0	0.19999999999999998	0.0	0.39999999999999997	0.010362694300518135	0.0	0.0051813471502590676	0.0	0.010362694300518135	2	26	0	50	1	37	0	35	2	40	3	0	1	0	4
STK33	C1	0.36208062161802623	0.24774752252477475	0.010362694300518135	0.5	0.0	0.5	0.0	0.0	0.0051813471502590676	0.0	0.0051813471502590676	0.0	0.0	1	27	0	50	1	37	0	35	0	42	2	0	2	0	0
LYN	C1	0.37832292335759277	0.26064739352606475	0.036269430051813475	0.4285714285714285	0.2857142857142857	0.0	0.14285714285714285	0.14285714285714285	0.015544041450777202	0.010362694300518135	0.0	0.0051813471502590676	0.0051813471502590676	3	25	2	48	0	38	1	34	1	41	6	4	0	2	2
RC3H1	C1	0.37832292335759277	0.2621573784262157	0.02590673575129534	0.39999999999999997	0.19999999999999998	0.0	0.0	0.39999999999999997	0.010362694300518135	0.0051813471502590676	0.0	0.0	0.010362694300518135	2	26	1	49	0	38	0	35	2	40	4	2	0	0	4
CXCR4	C1	0.5280597737500886	0.4030659693403066	0.015544041450777202	0.33333333333333337	0.0	0.33333333333333337	0.33333333333333337	0.0	0.0051813471502590676	0.0	0.0051813471502590676	0.0051813471502590676	0.0	1	27	0	50	1	37	1	34	0	42	2	0	2	2	0
ESX1	C1	0.5280597737500886	0.4021459785402146	0.015544041450777202	0.33333333333333337	0.0	0.33333333333333337	0.33333333333333337	0.0	0.0051813471502590676	0.0	0.0051813471502590676	0.0051813471502590676	0.0	1	27	0	50	1	37	1	34	0	42	1	0	2	2	0
SMG7	C1	0.5280597737500886	0.4007459925400746	0.015544041450777202	0.33333333333333337	0.0	0.33333333333333337	0.33333333333333337	0.0	0.0051813471502590676	0.0	0.0051813471502590676	0.0051813471502590676	0.0	1	27	0	50	1	37	1	34	0	42	2	0	2	2	0
IKZF3	C1	0.6095755965517268	0.4932250677493225	0.04663212435233161	0.33333333333333326	0.1111111111111111	0.1111111111111111	0.2222222222222222	0.2222222222222222	0.015544041450777202	0.0051813471502590676	0.0051813471502590676	0.010362694300518135	0.010362694300518135	3	25	1	49	1	37	2	33	2	40	5	2	2	4	3
ALOX15	C1	0.6368300458409558	0.5232047679523205	0.010362694300518135	0.5	0.5	0.0	0.0	0.0	0.0051813471502590676	0.0051813471502590676	0.0	0.0	0.0	1	27	1	49	0	38	0	35	0	42	2	2	0	0	0
PRKCB	C1	0.6537596505223067	0.5470445295547045	0.015544041450777202	0.33333333333333337	0.0	0.33333333333333337	0.0	0.33333333333333337	0.0051813471502590676	0.0	0.0051813471502590676	0.0	0.0051813471502590676	1	27	0	50	1	37	0	35	1	41	2	0	2	0	2
SLAMF6	C1	0.6537596505223067	0.5479645203547965	0.015544041450777202	0.33333333333333337	0.0	0.33333333333333337	0.0	0.33333333333333337	0.0051813471502590676	0.0	0.0051813471502590676	0.0	0.0051813471502590676	1	27	0	50	1	37	0	35	1	41	2	0	2	0	2
TRAF6	C1	0.6693471790772288	0.5665843341566584	0.02590673575129534	0.39999999999999997	0.19999999999999998	0.19999999999999998	0.0	0.19999999999999998	0.010362694300518135	0.0051813471502590676	0.0051813471502590676	0.0	0.0051813471502590676	2	26	1	49	1	37	0	35	1	41	4	2	2	0	2
NLRP8	C1	0.6808931432216778	0.5904840951590484	0.03626943005181347	0.28571428571428575	0.28571428571428575	0.28571428571428575	0.0	0.14285714285714288	0.010362694300518135	0.010362694300518135	0.010362694300518135	0.0	0.0051813471502590676	2	26	2	48	2	36	0	35	1	41	4	4	3	0	2
PTPRH	C1	0.6922174909706302	0.6104338956610433	0.036269430051813475	0.2857142857142857	0.2857142857142857	0.0	0.14285714285714285	0.2857142857142857	0.010362694300518135	0.010362694300518135	0.0	0.0051813471502590676	0.010362694300518135	2	26	2	48	0	38	1	34	2	40	4	4	0	2	4
ZNF217	C1	0.7048841661116099	0.6259137408625913	0.015544041450777202	0.33333333333333337	0.33333333333333337	0.0	0.33333333333333337	0.0	0.0051813471502590676	0.0051813471502590676	0.0	0.0051813471502590676	0.0	1	27	1	49	0	38	1	34	0	42	2	2	0	2	0
ABHD14B	C1	0.8685190581722502	0.8144618553814462	0.015544041450777202	0.33333333333333337	0.33333333333333337	0.0	0.0	0.33333333333333337	0.0051813471502590676	0.0051813471502590676	0.0	0.0	0.0051813471502590676	1	27	1	49	0	38	0	35	1	41	2	2	0	0	2
X17P.DEL	C2	0.00011476075715433323	9.99990000099999e-06	0.2746113989637306	0.03773584905660377	0.5471698113207547	0.16981132075471697	0.09433962264150941	0.1509433962264151	0.010362694300518135	0.15025906735751296	0.046632124352331605	0.025906735751295335	0.04145077720207254	2	26	29	21	9	29	5	30	8	34	2	30	10	5	8
TP53	C2	0.00011476075715433323	9.99990000099999e-06	0.24352331606217617	0.02127659574468085	0.5957446808510638	0.10638297872340424	0.10638297872340424	0.1702127659574468	0.0051813471502590676	0.14507772020725387	0.025906735751295335	0.025906735751295335	0.04145077720207254	1	27	28	22	5	33	5	30	8	34	2	56	10	10	16
X1P36.11.DEL	C2	0.00011476075715433323	9.99990000099999e-06	0.19170984455958548	0.10810810810810811	0.6756756756756757	0.13513513513513514	0.05405405405405406	0.02702702702702703	0.02072538860103627	0.12953367875647667	0.025906735751295335	0.010362694300518135	0.0051813471502590676	4	24	25	25	5	33	2	33	1	41	4	26	5	2	1
X21Q.AMP	C2	0.00011476075715433323	9.99990000099999e-06	0.20207253886010365	0.05128205128205128	0.6153846153846153	0.1282051282051282	0.15384615384615383	0.05128205128205128	0.010362694300518135	0.12435233160621761	0.025906735751295335	0.031088082901554404	0.010362694300518135	2	26	24	26	5	33	6	29	2	40	2	29	5	7	2
X9P21.3.DEL	C2	0.00011476075715433323	9.99990000099999e-06	0.23834196891191706	0.04347826086956522	0.5000000000000001	0.15217391304347827	0.02173913043478261	0.282608695652174	0.010362694300518135	0.11917098445595854	0.03626943005181347	0.0051813471502590676	0.06735751295336788	2	26	23	27	7	31	1	34	13	29	2	28	9	1	19
X9Q21.13.DEL	C2	0.00011476075715433323	9.99990000099999e-06	0.13471502590673576	0.038461538461538464	0.7307692307692307	0.038461538461538464	0.038461538461538464	0.15384615384615385	0.0051813471502590676	0.09844559585492228	0.0051813471502590676	0.0051813471502590676	0.02072538860103627	1	27	19	31	1	37	1	34	4	38	1	19	1	1	4
X2P16.1.AMP	C2	0.00011476075715433323	9.99990000099999e-06	0.2487046632124352	0.0	0.3541666666666667	0.25000000000000006	0.31250000000000006	0.08333333333333334	0.0	0.08808290155440414	0.06217616580310881	0.07772020725388601	0.02072538860103627	0	28	17	33	12	26	15	20	4	38	0	26	16	22	4
X1P36.32.DEL	C2	0.00020956312176008678	1.999980000199998e-05	0.25906735751295334	0.14	0.48000000000000004	0.2	0.16000000000000003	0.020000000000000004	0.03626943005181347	0.12435233160621761	0.05181347150259067	0.04145077720207254	0.0051813471502590676	7	21	24	26	10	28	8	27	1	41	7	24	10	8	1
X1P31.1.DEL	C2	0.00035703346670237004	3.999960000399996e-05	0.19689119170984457	0.10526315789473684	0.5789473684210527	0.05263157894736842	0.15789473684210525	0.10526315789473684	0.02072538860103627	0.11398963730569948	0.010362694300518135	0.031088082901554404	0.02072538860103627	4	24	22	28	2	36	6	29	4	38	4	22	2	6	5
X5P.AMP	C2	0.0004986157034981375	5.999940000599994e-05	0.15025906735751296	0.31034482758620685	0.4482758620689655	0.17241379310344826	0.06896551724137931	0.0	0.046632124352331605	0.06735751295336788	0.025906735751295335	0.010362694300518135	0.0	9	19	13	37	5	33	2	33	0	42	10	14	5	2	0
X14Q32.31.DEL	C2	0.000932893896867483	0.00011999880001199988	0.1606217616580311	0.03225806451612903	0.6129032258064516	0.09677419354838708	0.16129032258064513	0.09677419354838708	0.0051813471502590676	0.09844559585492228	0.015544041450777202	0.025906735751295335	0.015544041450777202	1	27	19	31	3	35	5	30	3	39	1	21	3	6	3
X3Q28.DEL	C2	0.0017011594589936454	0.00023999760002399976	0.10362694300518134	0.25	0.6	0.0	0.1	0.05	0.025906735751295335	0.06217616580310881	0.0	0.010362694300518135	0.0051813471502590676	5	23	12	38	0	38	2	33	1	41	5	14	0	2	1
X19P13.2.DEL	C2	0.0017011594589936454	0.00023999760002399976	0.08290155440414507	0.0	0.5625000000000001	0.0	0.0	0.4375	0.0	0.046632124352331605	0.0	0.0	0.03626943005181347	0	28	9	41	0	38	0	35	7	35	0	9	0	0	8
X5Q.AMP	C2	0.0017902678116075979	0.0002599974000259997	0.11917098445595856	0.34782608695652173	0.4347826086956521	0.17391304347826086	0.043478260869565216	0.0	0.04145077720207254	0.05181347150259067	0.02072538860103627	0.0051813471502590676	0.0	8	20	10	40	4	34	1	34	0	42	8	10	4	1	0
X1P13.1.DEL	C2	0.0021494379650798083	0.00032999670003299966	0.17616580310880825	0.08823529411764708	0.5882352941176472	0.08823529411764708	0.11764705882352944	0.11764705882352944	0.015544041450777202	0.10362694300518134	0.015544041450777202	0.02072538860103627	0.02072538860103627	3	25	20	30	3	35	4	31	4	38	3	22	3	4	5
X3P21.31.DEL	C2	0.0032534674653253467	0.0005399946000539995	0.22797927461139897	0.045454545454545456	0.5	0.22727272727272727	0.11363636363636363	0.11363636363636363	0.010362694300518135	0.11398963730569948	0.05181347150259067	0.025906735751295335	0.025906735751295335	2	26	22	28	10	28	5	30	5	37	2	22	12	5	5
X4Q35.1.DEL	C2	0.005268319409829157	0.000939990600093999	0.16580310880829016	0.03125	0.5625	0.15624999999999997	0.15624999999999997	0.09375	0.0051813471502590676	0.09326424870466321	0.025906735751295335	0.025906735751295335	0.015544041450777202	1	27	18	32	5	33	5	30	3	39	1	18	5	5	3
X18Q23.DEL	C2	0.005730387140573038	0.0010699893001069989	0.13471502590673576	0.0	0.5	0.23076923076923075	0.23076923076923075	0.038461538461538464	0.0	0.06735751295336788	0.031088082901554404	0.031088082901554404	0.0051813471502590676	0	28	13	37	6	32	6	29	1	41	0	14	7	6	1
X16Q12.1.DEL	C2	0.007806226285563232	0.0014899851001489986	0.12435233160621761	0.04166666666666667	0.625	0.16666666666666669	0.08333333333333334	0.08333333333333334	0.0051813471502590676	0.07772020725388601	0.02072538860103627	0.010362694300518135	0.010362694300518135	1	27	15	35	4	34	2	33	2	40	1	15	4	2	2
X3Q28.AMP	C2	0.017867062708683257	0.0042999570004299955	0.11917098445595854	0.0	0.5652173913043479	0.21739130434782608	0.08695652173913045	0.13043478260869565	0.0	0.06735751295336788	0.025906735751295335	0.010362694300518135	0.015544041450777202	0	28	13	37	5	33	2	33	3	39	0	17	7	2	3
X4Q21.22.DEL	C2	0.020618682702061866	0.005389946100538994	0.18134715025906736	0.0	0.45714285714285713	0.19999999999999998	0.14285714285714285	0.19999999999999998	0.0	0.08290155440414508	0.03626943005181347	0.025906735751295335	0.03626943005181347	0	28	16	34	7	31	5	30	7	35	0	16	7	5	8
X19Q13.32.1.DEL	C2	0.023514479140922875	0.006829931700682993	0.056994818652849735	0.0	0.5454545454545455	0.0	0.0	0.4545454545454546	0.0	0.031088082901554404	0.0	0.0	0.025906735751295335	0	28	6	44	0	38	0	35	5	37	0	6	0	0	6
X6Q.DEL	C2	0.0285849919278585	0.00853991460085399	0.2590673575129534	0.19999999999999996	0.41999999999999993	0.15999999999999998	0.09999999999999998	0.11999999999999998	0.05181347150259067	0.10880829015544041	0.04145077720207254	0.025906735751295335	0.031088082901554404	10	18	21	29	8	30	5	30	6	36	10	21	9	5	6
X13Q14.2.DEL	C2	0.03233927120188257	0.00992990070099299	0.13989637305699482	0.03703703703703704	0.40740740740740744	0.37037037037037035	0.07407407407407408	0.1111111111111111	0.0051813471502590676	0.05699481865284974	0.05181347150259067	0.010362694300518135	0.015544041450777202	1	27	11	39	10	28	2	33	3	39	1	11	11	2	3
X11Q.AMP	C2	0.04652168668186736	0.015249847501524985	0.23316062176165803	0.13333333333333333	0.4	0.06666666666666667	0.24444444444444446	0.15555555555555556	0.031088082901554404	0.09326424870466321	0.015544041450777202	0.05699481865284974	0.03626943005181347	6	22	18	32	3	35	11	24	7	35	7	22	3	12	7
X1Q.AMP	C2	0.04974666302719688	0.016719832801671983	0.22279792746113988	0.1627906976744186	0.3488372093023256	0.13953488372093023	0.27906976744186046	0.06976744186046512	0.03626943005181347	0.07772020725388601	0.031088082901554404	0.06217616580310881	0.015544041450777202	7	21	15	35	6	32	12	23	3	39	7	17	6	12	3
X9P24.1.AMP	C2	0.05075467317615981	0.017359826401735983	0.15544041450777202	0.2333333333333333	0.43333333333333335	0.06666666666666667	0.06666666666666667	0.2	0.03626943005181347	0.06735751295336788	0.010362694300518135	0.010362694300518135	0.031088082901554404	7	21	13	37	2	36	2	33	6	36	9	17	2	2	9
X13Q34.DEL	C2	0.05537206532696578	0.01929980700192998	0.1295336787564767	0.0	0.4799999999999999	0.23999999999999996	0.15999999999999998	0.11999999999999998	0.0	0.06217616580310881	0.031088082901554404	0.02072538860103627	0.015544041450777202	0	28	12	38	6	32	4	31	3	39	0	14	6	4	3
X17Q24.3.AMP	C2	0.05737385807960103	0.02080979190208098	0.19689119170984454	0.07894736842105264	0.4736842105263158	0.10526315789473686	0.1842105263157895	0.15789473684210528	0.015544041450777202	0.09326424870466321	0.02072538860103627	0.03626943005181347	0.031088082901554404	3	25	18	32	4	34	7	28	6	36	6	19	6	8	8
X6P.AMP	C2	0.060195240744221765	0.022229777702222977	0.2538860103626943	0.1020408163265306	0.42857142857142855	0.18367346938775508	0.08163265306122448	0.2040816326530612	0.025906735751295335	0.10880829015544041	0.046632124352331605	0.02072538860103627	0.05181347150259067	5	23	21	29	9	29	4	31	10	32	5	25	9	4	11
X10Q23.31.DEL	C2	0.06786803099710938	0.026189738102618973	0.1295336787564767	0.039999999999999994	0.43999999999999995	0.31999999999999995	0.11999999999999998	0.07999999999999999	0.0051813471502590676	0.05699481865284974	0.04145077720207254	0.015544041450777202	0.010362694300518135	1	27	11	39	8	30	3	32	2	40	2	11	9	3	2
X7Q22.1.AMP	C2	0.07061731466018674	0.028129718702812972	0.10880829015544041	0.04761904761904762	0.47619047619047616	0.14285714285714285	0.2857142857142857	0.04761904761904762	0.0051813471502590676	0.05181347150259067	0.015544041450777202	0.031088082901554404	0.0051813471502590676	1	27	10	40	3	35	6	29	1	41	1	17	4	10	1
X11Q23.3.AMP	C2	0.07425135748642513	0.03047969520304797	0.1450777202072539	0.10714285714285712	0.46428571428571425	0.03571428571428571	0.14285714285714285	0.24999999999999994	0.015544041450777202	0.06735751295336788	0.0051813471502590676	0.02072538860103627	0.03626943005181347	3	25	13	37	1	37	4	31	7	35	3	18	2	4	10
ZEB2	C2	0.07425135748642513	0.030809691903080968	0.056994818652849735	0.27272727272727276	0.4545454545454546	0.0	0.27272727272727276	0.0	0.015544041450777202	0.025906735751295335	0.0	0.015544041450777202	0.0	3	25	5	45	0	38	3	32	0	42	6	8	0	6	0
X1Q42.12.DEL	C2	0.07583234847263177	0.03240967590324097	0.10880829015544041	0.04761904761904762	0.47619047619047616	0.09523809523809525	0.04761904761904762	0.3333333333333333	0.0051813471502590676	0.05181347150259067	0.010362694300518135	0.0051813471502590676	0.03626943005181347	1	27	10	40	2	36	1	34	7	35	1	10	2	1	8
X18Q21.32.AMP	C2	0.09598651761230137	0.044089559104408954	0.08808290155440414	0.0	0.4117647058823529	0.11764705882352942	0.05882352941176471	0.4117647058823529	0.0	0.03626943005181347	0.010362694300518135	0.0051813471502590676	0.03626943005181347	0	28	7	43	2	36	1	34	7	35	0	12	3	1	9
X19P13.3.DEL	C2	0.09603323609621046	0.044629553704462956	0.14507772020725387	0.07142857142857144	0.3928571428571429	0.07142857142857144	0.10714285714285715	0.35714285714285715	0.010362694300518135	0.05699481865284974	0.010362694300518135	0.015544041450777202	0.05181347150259067	2	26	11	39	2	36	3	32	10	32	2	13	3	5	12
EP300	C2	0.13308643773066403	0.06681933180668194	0.09326424870466321	0.05555555555555556	0.5	0.2777777777777778	0.11111111111111112	0.05555555555555556	0.0051813471502590676	0.046632124352331605	0.025906735751295335	0.010362694300518135	0.0051813471502590676	1	27	9	41	5	33	2	33	1	41	1	17	10	4	2
X12P13.2.DEL	C2	0.1754541470978733	0.08881911180888191	0.10880829015544041	0.04761904761904762	0.47619047619047616	0.23809523809523808	0.04761904761904762	0.1904761904761905	0.0051813471502590676	0.05181347150259067	0.025906735751295335	0.0051813471502590676	0.02072538860103627	1	27	10	40	5	33	1	34	4	38	1	10	5	1	4
X15Q15.3.DEL	C2	0.18257510973277366	0.0939390606093939	0.27979274611398963	0.07407407407407408	0.3888888888888889	0.16666666666666666	0.14814814814814817	0.2222222222222222	0.02072538860103627	0.10880829015544041	0.046632124352331605	0.04145077720207254	0.06217616580310881	4	24	21	29	9	29	8	27	12	30	4	21	9	8	12
X8Q12.1.DEL	C2	0.1924510354896451	0.0998190018099819	0.1088082901554404	0.04761904761904763	0.4761904761904762	0.09523809523809526	0.09523809523809526	0.28571428571428575	0.0051813471502590676	0.05181347150259067	0.010362694300518135	0.010362694300518135	0.031088082901554404	1	27	10	40	2	36	2	33	6	36	1	11	2	2	6
X13Q.AMP	C2	0.1991550950632226	0.1046789532104679	0.19170984455958548	0.16216216216216217	0.3783783783783784	0.10810810810810811	0.08108108108108109	0.2702702702702703	0.031088082901554404	0.07253886010362694	0.02072538860103627	0.015544041450777202	0.05181347150259067	6	22	14	36	4	34	3	32	10	32	6	15	4	3	10
X6P21.33.DEL	C2	0.1991550950632226	0.1049489505104949	0.18652849740932645	0.05555555555555555	0.3055555555555555	0.24999999999999997	0.08333333333333331	0.3055555555555555	0.010362694300518135	0.05699481865284974	0.046632124352331605	0.015544041450777202	0.05699481865284974	2	26	11	39	9	29	3	32	11	31	2	12	9	3	11
X2Q22.2.DEL	C2	0.19951964542854572	0.10596894031059689	0.0932642487046632	0.055555555555555566	0.5555555555555556	0.11111111111111113	0.11111111111111113	0.16666666666666669	0.0051813471502590676	0.05181347150259067	0.010362694300518135	0.010362694300518135	0.015544041450777202	1	27	10	40	2	36	2	33	3	39	1	10	2	2	3
X13Q31.3.AMP	C2	0.22924205872445094	0.12460875391246087	0.09844559585492228	0.05263157894736842	0.47368421052631576	0.2631578947368421	0.05263157894736842	0.15789473684210525	0.0051813471502590676	0.046632124352331605	0.025906735751295335	0.0051813471502590676	0.015544041450777202	1	27	9	41	5	33	1	34	3	39	1	13	6	1	4
X7P.AMP	C2	0.24671911554265752	0.14229857701422985	0.3626943005181347	0.08571428571428572	0.3285714285714285	0.17142857142857143	0.22857142857142856	0.18571428571428572	0.031088082901554404	0.11917098445595854	0.06217616580310881	0.08290155440414508	0.06735751295336788	6	22	23	27	12	26	16	19	13	29	6	26	14	20	14
X11P.AMP	C2	0.24671911554265752	0.14226857731422685	0.19689119170984454	0.13157894736842105	0.3421052631578948	0.07894736842105264	0.2631578947368421	0.1842105263157895	0.025906735751295335	0.06735751295336788	0.015544041450777202	0.05181347150259067	0.03626943005181347	5	23	13	37	3	35	10	25	7	35	5	14	3	10	7
X7Q.AMP	C2	0.2505356636574479	0.14761852381476184	0.32642487046632124	0.09523809523809523	0.3333333333333333	0.14285714285714285	0.23809523809523808	0.19047619047619047	0.031088082901554404	0.10880829015544041	0.046632124352331605	0.07772020725388601	0.06217616580310881	6	22	21	29	9	29	15	20	12	30	6	22	10	17	12
SIN3A	C2	0.2505356636574479	0.14747852521474786	0.056994818652849735	0.18181818181818185	0.3636363636363637	0.09090909090909093	0.3636363636363637	0.0	0.010362694300518135	0.02072538860103627	0.0051813471502590676	0.02072538860103627	0.0	2	26	4	46	1	37	4	31	0	42	4	8	2	7	0
X1Q23.3.AMP	C2	0.2606735576479852	0.15791842081579185	0.13989637305699482	0.07407407407407408	0.4444444444444444	0.2222222222222222	0.14814814814814817	0.1111111111111111	0.010362694300518135	0.06217616580310881	0.031088082901554404	0.02072538860103627	0.015544041450777202	2	26	12	38	6	32	4	31	3	39	2	14	9	5	3
TLR2	C2	0.2850387182402686	0.18023819761802382	0.036269430051813475	0.14285714285714285	0.4285714285714285	0.4285714285714285	0.0	0.0	0.0051813471502590676	0.015544041450777202	0.015544041450777202	0.0	0.0	1	27	3	47	3	35	0	35	0	42	2	6	6	0	0
X8Q24.22.AMP	C2	0.2940475658534554	0.1927780722192778	0.2590673575129534	0.07999999999999999	0.37999999999999995	0.19999999999999996	0.15999999999999998	0.17999999999999997	0.02072538860103627	0.09844559585492228	0.05181347150259067	0.04145077720207254	0.046632124352331605	4	24	19	31	10	28	8	27	9	33	7	20	11	8	10
X6P21.1.AMP	C2	0.2940475658534554	0.1902580974190258	0.08290155440414508	0.0625	0.5	0.1875	0.1875	0.0625	0.0051813471502590676	0.04145077720207254	0.015544041450777202	0.015544041450777202	0.0051813471502590676	1	27	8	42	3	35	3	32	1	41	1	10	4	4	1
X18Q22.2.AMP	C2	0.35984045067524784	0.24337756622433776	0.07772020725388601	0.0	0.3333333333333333	0.26666666666666666	0.06666666666666667	0.3333333333333333	0.0	0.025906735751295335	0.02072538860103627	0.0051813471502590676	0.025906735751295335	0	28	5	45	4	34	1	34	5	37	0	7	4	1	6
BCL11A	C2	0.4300826177784734	0.3069469305306947	0.056994818652849735	0.18181818181818185	0.3636363636363637	0.09090909090909093	0.0	0.3636363636363637	0.010362694300518135	0.02072538860103627	0.0051813471502590676	0.0	0.02072538860103627	2	26	4	46	1	37	0	35	4	38	4	7	1	0	7
IL6	C2	0.43074488330261207	0.3092069079309207	0.02590673575129534	0.19999999999999998	0.6	0.0	0.19999999999999998	0.0	0.0051813471502590676	0.015544041450777202	0.0	0.0051813471502590676	0.0	1	27	3	47	0	38	1	34	0	42	2	6	0	1	0
CCL4	C2	0.5145638939090835	0.37791622083779164	0.010362694300518135	0.0	1.0	0.0	0.0	0.0	0.0	0.010362694300518135	0.0	0.0	0.0	0	28	2	48	0	38	0	35	0	42	0	4	0	0	0
COPS6	C2	0.5145638939090835	0.37665623343766563	0.010362694300518135	0.0	1.0	0.0	0.0	0.0	0.0	0.010362694300518135	0.0	0.0	0.0	0	28	2	48	0	38	0	35	0	42	0	3	0	0	0
SPEN	C2	0.5304682628849386	0.4072059279407206	0.11917098445595854	0.2608695652173913	0.30434782608695654	0.1739130434782609	0.08695652173913045	0.1739130434782609	0.031088082901554404	0.03626943005181347	0.02072538860103627	0.010362694300518135	0.02072538860103627	6	22	7	43	4	34	2	33	4	38	12	13	8	3	8
TMC1	C2	0.5656377467638937	0.44242557574424257	0.031088082901554404	0.0	0.33333333333333337	0.33333333333333337	0.33333333333333337	0.0	0.0	0.010362694300518135	0.010362694300518135	0.010362694300518135	0.0	0	28	2	48	2	36	2	33	0	42	0	4	4	4	0
HCN1	C2	0.5716914705852942	0.45545544544554556	0.02072538860103627	0.0	0.5	0.0	0.0	0.5	0.0	0.010362694300518135	0.0	0.0	0.010362694300518135	0	28	2	48	0	38	0	35	2	40	0	3	0	0	3
X9Q.AMP	C2	0.5744858095460496	0.46006539934600654	0.11917098445595854	0.1739130434782609	0.391304347826087	0.13043478260869565	0.08695652173913045	0.21739130434782608	0.02072538860103627	0.046632124352331605	0.015544041450777202	0.010362694300518135	0.025906735751295335	4	24	9	41	3	35	2	33	5	37	4	9	3	2	6
X6Q14.3.DEL	C2	0.6040716396959742	0.48626513734862653	0.07253886010362695	0.0	0.2857142857142857	0.2857142857142857	0.14285714285714285	0.2857142857142857	0.0	0.02072538860103627	0.02072538860103627	0.010362694300518135	0.02072538860103627	0	28	4	46	4	34	2	33	4	38	0	4	5	2	4
X12P12.1.AMP	C2	0.6527660723392766	0.5417145828541715	0.04145077720207254	0.25	0.375	0.0	0.125	0.25	0.010362694300518135	0.015544041450777202	0.0	0.0051813471502590676	0.010362694300518135	2	26	3	47	0	38	1	34	2	40	3	4	0	1	2
RAD9A	C2	0.6922174909706302	0.6117938820611794	0.02072538860103627	0.25	0.5	0.25	0.0	0.0	0.0051813471502590676	0.010362694300518135	0.0051813471502590676	0.0	0.0	1	27	2	48	1	37	0	35	0	42	2	4	2	0	0
TPTE	C2	0.7442474186369247	0.6670433295667043	0.05699481865284974	0.0	0.2727272727272727	0.18181818181818182	0.2727272727272727	0.2727272727272727	0.0	0.015544041450777202	0.010362694300518135	0.015544041450777202	0.015544041450777202	0	28	3	47	2	36	3	32	3	39	0	5	4	5	6
C9ORF43	C2	0.8395284936039529	0.7837921620783792	0.010362694300518135	0.0	0.5	0.0	0.5	0.0	0.0	0.0051813471502590676	0.0	0.0051813471502590676	0.0	0	28	1	49	0	38	1	34	0	42	0	1	0	2	0
HLA.DMA	C2	0.9216288009533697	0.8865311346886531	0.010362694300518135	0.0	0.5	0.5	0.0	0.0	0.0	0.0051813471502590676	0.0051813471502590676	0.0	0.0	0	28	1	49	1	37	0	35	0	42	0	2	2	0	0
KAT6B	C2	0.9216288009533697	0.8872111278887211	0.010362694300518135	0.0	0.5	0.5	0.0	0.0	0.0	0.0051813471502590676	0.0051813471502590676	0.0	0.0	0	28	1	49	1	37	0	35	0	42	0	1	2	0	0
OGT	C2	0.9216288009533697	0.8862611373886261	0.010362694300518135	0.0	0.5	0.5	0.0	0.0	0.0	0.0051813471502590676	0.0051813471502590676	0.0	0.0	0	28	1	49	1	37	0	35	0	42	0	2	2	0	0
ZNF423	C2	0.9581050541425916	0.92630073699263	0.031088082901554404	0.0	0.33333333333333337	0.16666666666666669	0.16666666666666669	0.33333333333333337	0.0	0.010362694300518135	0.0051813471502590676	0.0051813471502590676	0.010362694300518135	0	28	2	48	1	37	1	34	2	40	0	4	2	2	3
STAT6	C2	1.0	0.9850801491985081	0.046632124352331605	0.11111111111111112	0.3333333333333333	0.22222222222222224	0.11111111111111112	0.22222222222222224	0.0051813471502590676	0.015544041450777202	0.010362694300518135	0.0051813471502590676	0.010362694300518135	1	27	3	47	2	36	1	34	2	40	2	6	4	2	3
ANKRD35	C2	1.0	1.0	0.031088082901554407	0.16666666666666666	0.3333333333333333	0.16666666666666666	0.16666666666666666	0.16666666666666666	0.0051813471502590676	0.010362694300518135	0.0051813471502590676	0.0051813471502590676	0.0051813471502590676	1	27	2	48	1	37	1	34	1	41	2	4	1	2	1
HNRNPH1	C2	1.0	1.0	0.02072538860103627	0.0	0.25	0.25	0.25	0.25	0.0	0.0051813471502590676	0.0051813471502590676	0.0051813471502590676	0.0051813471502590676	0	28	1	49	1	37	1	34	1	41	0	2	1	2	2
KDELR3	C2	1.0	1.0	0.010362694300518135	0.0	0.5	0.0	0.0	0.5	0.0	0.0051813471502590676	0.0	0.0	0.0051813471502590676	0	28	1	49	0	38	0	35	1	41	0	2	0	0	2
KIAA0319	C2	1.0	1.0	0.010362694300518135	0.0	0.5	0.0	0.0	0.5	0.0	0.0051813471502590676	0.0	0.0	0.0051813471502590676	0	28	1	49	0	38	0	35	1	41	0	2	0	0	2
TBC1D12	C2	1.0	1.0	0.010362694300518135	0.0	0.5	0.0	0.0	0.5	0.0	0.0051813471502590676	0.0	0.0	0.0051813471502590676	0	28	1	49	0	38	0	35	1	41	0	2	0	0	1
SV.BCL2	C3	0.00011476075715433323	9.99990000099999e-06	0.22797927461139897	0.0	0.20454545454545453	0.6136363636363636	0.13636363636363635	0.045454545454545456	0.0	0.046632124352331605	0.13989637305699482	0.031088082901554404	0.010362694300518135	0	28	9	41	27	11	6	29	2	40	0	27	81	18	6
BCL2	C3	0.00011476075715433323	9.99990000099999e-06	0.21243523316062177	0.0	0.1951219512195122	0.6097560975609755	0.1219512195121951	0.07317073170731707	0.0	0.04145077720207254	0.12953367875647667	0.025906735751295335	0.015544041450777202	0	28	8	42	25	13	5	30	3	39	0	16	47	10	4
CREBBP	C3	0.00011476075715433323	9.99990000099999e-06	0.19689119170984454	0.05263157894736843	0.1842105263157895	0.5526315789473685	0.10526315789473686	0.10526315789473686	0.010362694300518135	0.03626943005181347	0.10880829015544041	0.02072538860103627	0.02072538860103627	2	26	7	43	21	17	4	31	4	38	4	13	42	8	8
TNFRSF14	C3	0.00011476075715433323	9.99990000099999e-06	0.1606217616580311	0.0	0.25806451612903225	0.3870967741935483	0.3548387096774193	0.0	0.0	0.04145077720207254	0.06217616580310881	0.05699481865284974	0.0	0	28	8	42	12	26	11	24	0	42	0	15	24	22	0
EZH2	C3	0.00020956312176008678	1.999980000199998e-05	0.07253886010362695	0.0	0.14285714285714285	0.7857142857142857	0.07142857142857142	0.0	0.0	0.010362694300518135	0.05699481865284974	0.0051813471502590676	0.0	0	28	2	48	11	27	1	34	0	42	0	4	22	2	0
KMT2D	C3	0.01632018767531623	0.0038599614003859964	0.2901554404145078	0.12499999999999997	0.23214285714285712	0.37499999999999994	0.10714285714285712	0.1607142857142857	0.03626943005181347	0.06735751295336788	0.10880829015544041	0.031088082901554404	0.046632124352331605	7	21	13	37	21	17	6	29	9	33	13	25	42	12	18
HVCN1	C3	0.04943463065369347	0.016409835901640985	0.03626943005181347	0.0	0.14285714285714288	0.7142857142857143	0.14285714285714288	0.0	0.0	0.0051813471502590676	0.025906735751295335	0.0051813471502590676	0.0	0	28	1	49	5	33	1	34	0	42	0	2	10	2	0
CARD11	C3	0.07061731466018674	0.02781972180278197	0.12953367875647667	0.04000000000000001	0.08000000000000002	0.32000000000000006	0.28	0.28	0.0051813471502590676	0.010362694300518135	0.04145077720207254	0.03626943005181347	0.03626943005181347	1	27	2	48	8	30	7	28	7	35	2	4	16	14	14
MEF2B	C3	0.07061731466018674	0.028049719502804972	0.06217616580310881	0.25	0.16666666666666669	0.5	0.0	0.08333333333333334	0.015544041450777202	0.010362694300518135	0.031088082901554404	0.0	0.0051813471502590676	3	25	2	48	6	32	0	35	1	41	6	4	12	0	2
PTEN	C3	0.07393905442388875	0.02975970240297597	0.036269430051813475	0.14285714285714285	0.0	0.5714285714285714	0.2857142857142857	0.0	0.0051813471502590676	0.0	0.02072538860103627	0.010362694300518135	0.0	1	27	0	50	4	34	2	33	0	42	2	0	8	4	0
MAP2K1	C3	0.0753773650382308	0.03158968410315897	0.04145077720207254	0.0	0.0	0.5	0.375	0.125	0.0	0.0	0.02072538860103627	0.015544041450777202	0.0051813471502590676	0	28	0	50	4	34	3	32	1	41	0	0	7	6	1
GNAI2	C3	0.07616914215473229	0.03286967130328697	0.04145077720207254	0.25	0.0	0.375	0.375	0.0	0.010362694300518135	0.0	0.015544041450777202	0.015544041450777202	0.0	2	26	0	50	3	35	3	32	0	42	4	0	5	6	0
IL4R	C3	0.07925637724754828	0.034859651403485965	0.04145077720207253	0.0	0.25000000000000006	0.625	0.12500000000000003	0.0	0.0	0.010362694300518135	0.025906735751295335	0.0051813471502590676	0.0	0	28	2	48	5	33	1	34	0	42	0	4	9	2	0
SCN9A	C3	0.11042633163411956	0.05360946390536095	0.031088082901554407	0.0	0.0	0.6666666666666666	0.16666666666666666	0.16666666666666666	0.0	0.0	0.02072538860103627	0.0051813471502590676	0.0051813471502590676	0	28	0	50	4	34	1	34	1	41	0	0	7	1	1
POU2F2	C3	0.11337098493421846	0.055509444905550945	0.046632124352331605	0.11111111111111112	0.0	0.5555555555555556	0.11111111111111112	0.22222222222222224	0.0051813471502590676	0.0	0.025906735751295335	0.0051813471502590676	0.010362694300518135	1	27	0	50	5	33	1	34	2	40	2	0	10	2	4
DCDC2B	C3	0.17622214021762223	0.0899391006089939	0.010362694300518135	0.0	0.0	1.0	0.0	0.0	0.0	0.0	0.010362694300518135	0.0	0.0	0	28	0	50	2	36	0	35	0	42	0	0	4	0	0
IRF8	C3	0.23227055608231792	0.12721872781272187	0.07772020725388601	0.13333333333333333	0.06666666666666667	0.4	0.26666666666666666	0.13333333333333333	0.010362694300518135	0.0051813471502590676	0.031088082901554404	0.02072538860103627	0.010362694300518135	2	26	1	49	6	32	4	31	2	40	4	2	11	8	4
SV.MYC	C3	0.23436116385104805	0.13030869691303087	0.08290155440414507	0.06250000000000001	0.3125	0.4375	0.06250000000000001	0.12500000000000003	0.0051813471502590676	0.025906735751295335	0.03626943005181347	0.0051813471502590676	0.010362694300518135	1	27	5	45	7	31	1	34	2	40	3	15	21	3	6
VMP1	C3	0.2881016644379011	0.1840981590184098	0.04145077720207254	0.125	0.125	0.375	0.375	0.0	0.0051813471502590676	0.0051813471502590676	0.015544041450777202	0.015544041450777202	0.0	1	27	1	49	3	35	3	32	0	42	2	1	6	6	0
POU2AF1	C3	0.4768309459762545	0.34624653753462464	0.031088082901554407	0.16666666666666666	0.16666666666666666	0.49999999999999994	0.16666666666666666	0.0	0.0051813471502590676	0.0051813471502590676	0.015544041450777202	0.0051813471502590676	0.0	1	27	1	49	3	35	1	34	0	42	2	2	6	2	0
IKBKB	C3	0.5653648811105472	0.43697563024369757	0.02072538860103627	0.0	0.0	0.5	0.25	0.25	0.0	0.0	0.010362694300518135	0.0051813471502590676	0.0051813471502590676	0	28	0	50	2	36	1	34	1	41	0	0	3	1	2
PFN1	C3	0.5653648811105472	0.43868561314386856	0.02072538860103627	0.0	0.0	0.5	0.25	0.25	0.0	0.0	0.010362694300518135	0.0051813471502590676	0.0051813471502590676	0	28	0	50	2	36	1	34	1	41	0	0	4	2	2
MEF2C	C3	0.5656377467638937	0.4472455275447246	0.010362694300518135	0.0	0.0	0.5	0.5	0.0	0.0	0.0	0.0051813471502590676	0.0051813471502590676	0.0	0	28	0	50	1	37	1	34	0	42	0	0	2	2	0
OR6K2	C3	0.5656377467638937	0.44828551714482856	0.010362694300518135	0.0	0.0	0.5	0.5	0.0	0.0	0.0	0.0051813471502590676	0.0051813471502590676	0.0	0	28	0	50	1	37	1	34	0	42	0	0	2	2	0
UVRAG	C3	0.5656377467638937	0.44745552544474554	0.010362694300518135	0.0	0.0	0.5	0.5	0.0	0.0	0.0	0.0051813471502590676	0.0051813471502590676	0.0	0	28	0	50	1	37	1	34	0	42	0	0	2	2	0
ARHGEF6	C3	0.6368300458409558	0.5216947830521694	0.02590673575129534	0.19999999999999998	0.0	0.39999999999999997	0.19999999999999998	0.19999999999999998	0.0051813471502590676	0.0	0.010362694300518135	0.0051813471502590676	0.0051813471502590676	1	27	0	50	2	36	1	34	1	41	2	0	4	2	2
RBM38	C3	0.6671121958731152	0.5619243807561924	0.02072538860103627	0.0	0.25	0.5	0.25	0.0	0.0	0.0051813471502590676	0.010362694300518135	0.0051813471502590676	0.0	0	28	1	49	2	36	1	34	0	42	0	2	4	1	0
CXCR5	C3	0.6789263025244144	0.5813041869581305	0.02590673575129534	0.0	0.19999999999999998	0.39999999999999997	0.0	0.39999999999999997	0.0	0.0051813471502590676	0.010362694300518135	0.0	0.010362694300518135	0	28	1	49	2	36	0	35	2	40	0	2	4	0	4
BCL6	C3	0.7525994875797849	0.6799232007679923	0.05699481865284974	0.18181818181818182	0.18181818181818182	0.2727272727272727	0.2727272727272727	0.09090909090909091	0.010362694300518135	0.010362694300518135	0.015544041450777202	0.015544041450777202	0.0051813471502590676	2	26	2	48	3	35	3	32	1	41	4	4	6	6	2
GABRA2	C3	0.7525994875797849	0.6892031079689203	0.036269430051813475	0.14285714285714285	0.14285714285714285	0.4285714285714285	0.14285714285714285	0.14285714285714285	0.0051813471502590676	0.0051813471502590676	0.015544041450777202	0.0051813471502590676	0.0051813471502590676	1	27	1	49	3	35	1	34	1	41	1	2	4	2	2
C3ORF33	C3	0.7525994875797849	0.6897231027689723	0.010362694300518135	0.0	0.0	0.5	0.0	0.5	0.0	0.0	0.0051813471502590676	0.0	0.0051813471502590676	0	28	0	50	1	37	0	35	1	41	0	0	2	0	2
DACH1	C3	0.7525994875797849	0.6901430985690143	0.010362694300518135	0.0	0.0	0.5	0.0	0.5	0.0	0.0	0.0051813471502590676	0.0	0.0051813471502590676	0	28	0	50	1	37	0	35	1	41	0	0	2	0	1
X6Q23.3.DEL	C3	0.7603473965260348	0.7004029959700403	0.13471502590673573	0.19230769230769232	0.15384615384615388	0.2307692307692308	0.19230769230769232	0.2307692307692308	0.025906735751295335	0.02072538860103627	0.031088082901554404	0.025906735751295335	0.031088082901554404	5	23	4	46	6	32	5	30	6	36	5	4	6	5	7
CCND3	C3	0.8037755945310501	0.7437425625743742	0.046632124352331605	0.22222222222222224	0.22222222222222224	0.3333333333333333	0.11111111111111112	0.11111111111111112	0.010362694300518135	0.010362694300518135	0.015544041450777202	0.0051813471502590676	0.0051813471502590676	2	26	2	48	3	35	1	34	1	41	4	4	6	2	2
NAV1	C3	0.9216288009533697	0.8767612323876761	0.02590673575129534	0.0	0.19999999999999998	0.39999999999999997	0.19999999999999998	0.19999999999999998	0.0	0.0051813471502590676	0.010362694300518135	0.0051813471502590676	0.0051813471502590676	0	28	1	49	2	36	1	34	1	41	0	2	4	2	2
NFATC4	C3	0.9216288009533697	0.8785112148878511	0.02590673575129534	0.0	0.19999999999999998	0.39999999999999997	0.19999999999999998	0.19999999999999998	0.0	0.0051813471502590676	0.010362694300518135	0.0051813471502590676	0.0051813471502590676	0	28	1	49	2	36	1	34	1	41	0	2	3	2	2
BTK	C3	0.9758651558783558	0.947520524794752	0.031088082901554407	0.16666666666666666	0.16666666666666666	0.3333333333333333	0.16666666666666666	0.16666666666666666	0.0051813471502590676	0.0051813471502590676	0.010362694300518135	0.0051813471502590676	0.0051813471502590676	1	27	1	49	2	36	1	34	1	41	2	2	4	2	2
SGK1	C4	0.00011476075715433323	9.99990000099999e-06	0.15544041450777202	0.06666666666666667	0.2	0.2	0.5333333333333333	0.0	0.010362694300518135	0.031088082901554404	0.031088082901554404	0.08290155440414508	0.0	2	26	6	44	6	32	16	19	0	42	4	12	12	31	0
CD83	C4	0.00011476075715433323	9.99990000099999e-06	0.06735751295336787	0.07692307692307694	0.15384615384615388	0.0	0.7692307692307693	0.0	0.0051813471502590676	0.010362694300518135	0.0	0.05181347150259067	0.0	1	27	2	48	0	38	10	25	0	42	2	4	0	19	0
CRIP1	C4	0.00043035283932874957	4.999950000499995e-05	0.031088082901554404	0.0	0.0	0.0	1.0	0.0	0.0	0.0	0.0	0.031088082901554404	0.0	0	28	0	50	0	38	6	29	0	42	0	0	0	12	0
HIST1H2AM	C4	0.00558676231419504	0.001019989800101999	0.09326424870466321	0.16666666666666666	0.16666666666666666	0.05555555555555556	0.5555555555555556	0.05555555555555556	0.015544041450777202	0.015544041450777202	0.0051813471502590676	0.05181347150259067	0.0051813471502590676	3	25	3	47	1	37	10	25	1	41	3	5	2	17	2
NFKBIA	C4	0.00958969576970897	0.001909980900190998	0.04145077720207254	0.0	0.125	0.125	0.75	0.0	0.0	0.0051813471502590676	0.0051813471502590676	0.031088082901554404	0.0	0	28	1	49	1	37	6	29	0	42	0	2	2	12	0
NFKBIE	C4	0.009836636327514277	0.001999980000199998	0.031088082901554404	0.0	0.16666666666666669	0.0	0.8333333333333333	0.0	0.0	0.0051813471502590676	0.0	0.025906735751295335	0.0	0	28	1	49	0	38	5	30	0	42	0	2	0	10	0
BRAF	C4	0.011010282054042204	0.0023299767002329975	0.07253886010362695	0.14285714285714285	0.21428571428571425	0.07142857142857142	0.5714285714285714	0.0	0.010362694300518135	0.015544041450777202	0.0051813471502590676	0.04145077720207254	0.0	2	26	3	47	1	37	8	27	0	42	3	6	2	16	0
HIST1H1E	C4	0.01321023826798769	0.002959970400295997	0.16062176165803108	0.09677419354838711	0.22580645161290322	0.12903225806451615	0.45161290322580644	0.09677419354838711	0.015544041450777202	0.03626943005181347	0.02072538860103627	0.07253886010362694	0.015544041450777202	3	25	7	43	4	34	14	21	3	39	6	13	8	27	6
PABPC1	C4	0.013714953759553313	0.0031299687003129967	0.02590673575129534	0.19999999999999998	0.0	0.0	0.7999999999999999	0.0	0.0051813471502590676	0.0	0.0	0.02072538860103627	0.0	1	27	0	50	0	38	4	31	0	42	2	0	0	7	0
TOX	C4	0.017891007530602663	0.004379956200437996	0.046632124352331605	0.11111111111111112	0.0	0.11111111111111112	0.6666666666666666	0.11111111111111112	0.0051813471502590676	0.0	0.0051813471502590676	0.031088082901554404	0.0051813471502590676	1	27	0	50	1	37	6	29	1	41	2	0	2	12	2
ZFP36L1	C4	0.019513030676144853	0.004999950000499995	0.11917098445595854	0.08695652173913045	0.08695652173913045	0.13043478260869565	0.4782608695652174	0.21739130434782608	0.010362694300518135	0.010362694300518135	0.015544041450777202	0.05699481865284974	0.025906735751295335	2	26	2	48	3	35	11	24	5	37	4	3	6	19	9
HIST1H2AC	C4	0.019513030676144853	0.005019949800501995	0.11398963730569947	0.13636363636363638	0.04545454545454546	0.09090909090909093	0.4090909090909091	0.3181818181818182	0.015544041450777202	0.0051813471502590676	0.010362694300518135	0.046632124352331605	0.03626943005181347	3	25	1	49	2	36	9	26	7	35	5	2	3	13	12
EBF1	C4	0.019513030676144853	0.004919950800491995	0.08808290155440414	0.29411764705882354	0.17647058823529413	0.11764705882352942	0.4117647058823529	0.0	0.025906735751295335	0.015544041450777202	0.010362694300518135	0.03626943005181347	0.0	5	23	3	47	2	36	7	28	0	42	10	5	4	14	0
ZNF608	C4	0.023226579328409616	0.0065599344006559935	0.11917098445595854	0.13043478260869565	0.13043478260869565	0.1739130434782609	0.4782608695652174	0.08695652173913045	0.015544041450777202	0.015544041450777202	0.02072538860103627	0.05699481865284974	0.010362694300518135	3	25	3	47	4	34	11	24	2	40	6	5	7	21	3
LTB	C4	0.023226579328409616	0.006379936200637993	0.08290155440414508	0.0625	0.1875	0.0625	0.5625	0.125	0.0051813471502590676	0.015544041450777202	0.0051813471502590676	0.046632124352331605	0.010362694300518135	1	27	3	47	1	37	9	26	2	40	1	6	1	17	4
CD58	C4	0.023226579328409616	0.006649933500664993	0.06735751295336787	0.30769230769230776	0.15384615384615388	0.07692307692307694	0.4615384615384616	0.0	0.02072538860103627	0.010362694300518135	0.0051813471502590676	0.031088082901554404	0.0	4	24	2	48	1	37	6	29	0	42	8	4	2	12	0
HIST1H1C	C4	0.02491439874333651	0.007339926600733993	0.15025906735751296	0.10344827586206896	0.20689655172413793	0.10344827586206896	0.4482758620689655	0.13793103448275862	0.015544041450777202	0.031088082901554404	0.015544041450777202	0.06735751295336788	0.02072538860103627	3	25	6	44	3	35	13	22	4	38	5	11	5	25	8
STAT3	C4	0.03192392733606911	0.00966990330096699	0.07253886010362695	0.07142857142857142	0.21428571428571425	0.07142857142857142	0.5714285714285714	0.07142857142857142	0.0051813471502590676	0.015544041450777202	0.0051813471502590676	0.04145077720207254	0.0051813471502590676	1	27	3	47	1	37	8	27	1	41	2	6	2	16	2
HIST1H1B	C4	0.035198332227204046	0.011099889001109989	0.09844559585492228	0.15789473684210525	0.10526315789473684	0.05263157894736842	0.47368421052631576	0.21052631578947367	0.015544041450777202	0.010362694300518135	0.0051813471502590676	0.046632124352331605	0.02072538860103627	3	25	2	48	1	37	9	26	4	38	6	3	2	17	8
HIST1H2BC	C4	0.04193984034185633	0.013399866001339987	0.09844559585492228	0.3157894736842105	0.15789473684210525	0.10526315789473684	0.3684210526315789	0.05263157894736842	0.031088082901554404	0.015544041450777202	0.010362694300518135	0.03626943005181347	0.0051813471502590676	6	22	3	47	2	36	7	28	1	41	10	5	4	10	2
RHOA	C4	0.05075467317615981	0.017479825201747984	0.05181347150259067	0.3	0.1	0.0	0.5	0.1	0.015544041450777202	0.0051813471502590676	0.0	0.025906735751295335	0.0051813471502590676	3	25	1	49	0	38	5	30	1	41	6	2	0	10	2
CD274	C4	0.060972390276097244	0.02276977230227698	0.031088082901554404	0.16666666666666669	0.16666666666666669	0.0	0.6666666666666667	0.0	0.0051813471502590676	0.0051813471502590676	0.0	0.02072538860103627	0.0	1	27	1	49	0	38	4	31	0	42	2	2	0	8	0
SOCS1	C4	0.06496341629990293	0.024529754702452975	0.07253886010362694	0.07142857142857144	0.07142857142857144	0.35714285714285715	0.4285714285714286	0.07142857142857144	0.0051813471502590676	0.0051813471502590676	0.025906735751295335	0.031088082901554404	0.0051813471502590676	1	27	1	49	5	33	6	29	1	41	2	1	10	11	2
TET2	C4	0.06514793547716698	0.024869751302486975	0.046632124352331605	0.22222222222222224	0.11111111111111112	0.11111111111111112	0.5555555555555556	0.0	0.010362694300518135	0.0051813471502590676	0.0051813471502590676	0.025906735751295335	0.0	2	26	1	49	1	37	5	30	0	42	4	2	2	10	0
KRAS	C4	0.07551257820755125	0.03195968040319597	0.031088082901554407	0.0	0.0	0.16666666666666666	0.6666666666666666	0.16666666666666666	0.0	0.0	0.0051813471502590676	0.02072538860103627	0.0051813471502590676	0	28	0	50	1	37	4	31	1	41	0	0	2	8	2
KLHL6	C4	0.08068956347473562	0.03615963840361596	0.08808290155440415	0.058823529411764705	0.1764705882352941	0.058823529411764705	0.47058823529411764	0.23529411764705882	0.0051813471502590676	0.015544041450777202	0.0051813471502590676	0.04145077720207254	0.02072538860103627	1	27	3	47	1	37	8	27	4	38	2	6	2	16	8
FCRL3	C4	0.10039452237056577	0.04748952510474895	0.036269430051813475	0.2857142857142857	0.0	0.2857142857142857	0.4285714285714285	0.0	0.010362694300518135	0.0	0.010362694300518135	0.015544041450777202	0.0	2	26	0	50	2	36	3	32	0	42	3	0	4	5	0
GNA13	C4	0.108552793782407	0.05224947750522495	0.10880829015544043	0.19047619047619047	0.14285714285714285	0.2857142857142857	0.33333333333333326	0.047619047619047616	0.02072538860103627	0.015544041450777202	0.031088082901554404	0.03626943005181347	0.0051813471502590676	4	24	3	47	6	32	7	28	1	41	8	6	12	14	2
SF3B1	C4	0.13094877454586798	0.06465935340646593	0.02590673575129534	0.19999999999999998	0.0	0.19999999999999998	0.6	0.0	0.0051813471502590676	0.0	0.0051813471502590676	0.015544041450777202	0.0	1	27	0	50	1	37	3	32	0	42	2	0	2	5	0
HIST1H1D	C4	0.23637400663030408	0.13240867591324088	0.08808290155440415	0.11764705882352941	0.1764705882352941	0.058823529411764705	0.41176470588235287	0.23529411764705882	0.010362694300518135	0.015544041450777202	0.0051813471502590676	0.03626943005181347	0.02072538860103627	2	26	3	47	1	37	7	28	4	38	4	6	1	14	7
YY1	C4	0.24671911554265752	0.14037859621403787	0.031088082901554404	0.0	0.0	0.16666666666666669	0.5	0.33333333333333337	0.0	0.0	0.0051813471502590676	0.015544041450777202	0.010362694300518135	0	28	0	50	1	37	3	32	2	40	0	0	2	6	4
RAC2	C4	0.248141447156957	0.14414855851441485	0.015544041450777202	0.0	0.0	0.33333333333333337	0.6666666666666667	0.0	0.0	0.0	0.0051813471502590676	0.010362694300518135	0.0	0	28	0	50	1	37	2	33	0	42	0	0	2	4	0
DUSP2	C4	0.25141273062793845	0.14917850821491785	0.056994818652849735	0.0	0.18181818181818185	0.09090909090909093	0.4545454545454546	0.27272727272727276	0.0	0.010362694300518135	0.0051813471502590676	0.025906735751295335	0.015544041450777202	0	28	2	48	1	37	5	30	3	39	0	3	2	10	6
OSBPL10	C4	0.2602441561791279	0.15657843421565784	0.036269430051813475	0.0	0.0	0.2857142857142857	0.4285714285714285	0.2857142857142857	0.0	0.0	0.010362694300518135	0.015544041450777202	0.010362694300518135	0	28	0	50	2	36	3	32	2	40	0	0	4	5	4
X12P.AMP	C4	0.26608101265926115	0.16229837701622984	0.22797927461139897	0.06818181818181818	0.2727272727272727	0.18181818181818182	0.29545454545454547	0.18181818181818182	0.015544041450777202	0.06217616580310881	0.04145077720207254	0.06735751295336788	0.04145077720207254	3	25	12	38	8	30	13	22	8	34	3	12	8	13	8
ETS1	C4	0.27687226483439864	0.17117828821711784	0.056994818652849735	0.09090909090909093	0.09090909090909093	0.09090909090909093	0.4545454545454546	0.27272727272727276	0.0051813471502590676	0.0051813471502590676	0.0051813471502590676	0.025906735751295335	0.015544041450777202	1	27	1	49	1	37	5	30	3	39	2	2	1	10	6
EEF1A1	C4	0.2804087292460408	0.1745282547174528	0.046632124352331605	0.11111111111111112	0.3333333333333333	0.11111111111111112	0.4444444444444445	0.0	0.0051813471502590676	0.015544041450777202	0.0051813471502590676	0.02072538860103627	0.0	1	27	3	47	1	37	4	31	0	42	2	5	2	8	0
PTPN6	C4	0.2848878795980252	0.17849821501784982	0.04145077720207254	0.125	0.25	0.0	0.5	0.125	0.0051813471502590676	0.010362694300518135	0.0	0.02072538860103627	0.0051813471502590676	1	27	2	48	0	38	4	31	1	41	2	4	0	8	2
X12Q.AMP	C4	0.2940475658534554	0.1917780822191778	0.21761658031088082	0.07142857142857142	0.21428571428571427	0.23809523809523808	0.2857142857142857	0.1904761904761905	0.015544041450777202	0.046632124352331605	0.05181347150259067	0.06217616580310881	0.04145077720207254	3	25	9	41	10	28	12	23	8	34	3	9	10	12	8
NANOG	C4	0.2940475658534554	0.19100808991910082	0.02072538860103627	0.25	0.0	0.25	0.5	0.0	0.0051813471502590676	0.0	0.0051813471502590676	0.010362694300518135	0.0	1	27	0	50	1	37	2	33	0	42	2	0	2	4	0
HIST1H2BD	C4	0.3392457899320378	0.22381776182238178	0.031088082901554407	0.16666666666666666	0.0	0.16666666666666666	0.49999999999999994	0.16666666666666666	0.0051813471502590676	0.0	0.0051813471502590676	0.015544041450777202	0.0051813471502590676	1	27	0	50	1	37	3	32	1	41	1	0	1	4	1
DOCK1	C4	0.34509348656513433	0.22910770892291077	0.06217616580310881	0.08333333333333334	0.33333333333333337	0.08333333333333334	0.41666666666666663	0.08333333333333334	0.0051813471502590676	0.02072538860103627	0.0051813471502590676	0.025906735751295335	0.0051813471502590676	1	27	4	46	1	37	5	30	1	41	2	7	2	10	2
VEZF1	C4	0.35542681610220933	0.23891761082389176	0.02072538860103627	0.25	0.0	0.0	0.5	0.25	0.0051813471502590676	0.0	0.0	0.010362694300518135	0.0051813471502590676	1	27	0	50	0	38	2	33	1	41	2	0	0	3	2
ACTB	C4	0.3803458393987489	0.2651373486265137	0.10362694300518134	0.2	0.15	0.25	0.3	0.1	0.02072538860103627	0.015544041450777202	0.025906735751295335	0.031088082901554404	0.010362694300518135	4	24	3	47	5	33	6	29	2	40	8	5	10	11	4
MSL2	C4	0.4300826177784734	0.3051769482305177	0.031088082901554407	0.16666666666666666	0.16666666666666666	0.0	0.49999999999999994	0.16666666666666666	0.0051813471502590676	0.0051813471502590676	0.0	0.015544041450777202	0.0051813471502590676	1	27	1	49	0	38	3	32	1	41	2	2	0	6	1
BCL7A	C4	0.5225608637768371	0.3881261187388126	0.062176165803108814	0.24999999999999997	0.16666666666666666	0.16666666666666666	0.3333333333333333	0.08333333333333333	0.015544041450777202	0.010362694300518135	0.010362694300518135	0.02072538860103627	0.0051813471502590676	3	25	2	48	2	36	4	31	1	41	6	4	4	8	2
C2ORF16	C4	0.5280597737500886	0.4031659683403166	0.02072538860103627	0.0	0.0	0.25	0.5	0.25	0.0	0.0	0.0051813471502590676	0.010362694300518135	0.0051813471502590676	0	28	0	50	1	37	2	33	1	41	0	0	2	3	2
HEATR5B	C4	0.6789263025244144	0.5831441685583144	0.02072538860103627	0.0	0.25	0.0	0.5	0.25	0.0	0.0051813471502590676	0.0	0.010362694300518135	0.0051813471502590676	0	28	1	49	0	38	2	33	1	41	0	2	0	4	2
PAX5	C4	0.6789263025244144	0.5808041919580804	0.02072538860103627	0.0	0.25	0.0	0.5	0.25	0.0	0.0051813471502590676	0.0	0.010362694300518135	0.0051813471502590676	0	28	1	49	0	38	2	33	1	41	0	1	0	3	2
PRPS1	C4	0.6791845062318607	0.5861841381586184	0.02072538860103627	0.0	0.25	0.0	0.5	0.25	0.0	0.0051813471502590676	0.0	0.010362694300518135	0.0051813471502590676	0	28	1	49	0	38	2	33	1	41	0	2	0	4	2
DAZAP1	C4	0.6891503122883463	0.6033639663603364	0.010362694300518135	0.0	0.0	0.0	0.5	0.5	0.0	0.0	0.0	0.0051813471502590676	0.0051813471502590676	0	28	0	50	0	38	1	34	1	41	0	0	0	2	2
GLDC	C4	0.6891503122883463	0.6025539744602554	0.010362694300518135	0.0	0.0	0.0	0.5	0.5	0.0	0.0	0.0	0.0051813471502590676	0.0051813471502590676	0	28	0	50	0	38	1	34	1	41	0	0	0	1	1
XPO1	C4	0.8096550730921263	0.7525424745752542	0.031088082901554404	0.0	0.16666666666666669	0.16666666666666669	0.33333333333333337	0.33333333333333337	0.0	0.0051813471502590676	0.0051813471502590676	0.010362694300518135	0.010362694300518135	0	28	1	49	1	37	2	33	2	40	0	2	1	4	4
ARID5B	C4	0.8819874796846745	0.8307516924830751	0.02590673575129534	0.0	0.19999999999999998	0.19999999999999998	0.39999999999999997	0.19999999999999998	0.0	0.0051813471502590676	0.0051813471502590676	0.010362694300518135	0.0051813471502590676	0	28	1	49	1	37	2	33	1	41	0	1	2	4	2
X18Q.AMP	C5	0.00011476075715433323	9.99990000099999e-06	0.36787564766839376	0.05633802816901409	0.323943661971831	0.1267605633802817	0.07042253521126761	0.4225352112676057	0.02072538860103627	0.11917098445595854	0.046632124352331605	0.025906735751295335	0.15544041450777202	4	24	23	27	9	29	5	30	30	12	4	26	12	5	41
PIM1	C5	0.00011476075715433323	9.99990000099999e-06	0.2901554404145078	0.10714285714285712	0.14285714285714285	0.08928571428571427	0.19642857142857142	0.46428571428571425	0.031088082901554404	0.04145077720207254	0.025906735751295335	0.05699481865284974	0.13471502590673576	6	22	8	42	5	33	11	24	26	16	12	12	9	20	49
CD79B	C5	0.00011476075715433323	9.99990000099999e-06	0.15025906735751296	0.13793103448275862	0.10344827586206896	0.10344827586206896	0.034482758620689655	0.6206896551724137	0.02072538860103627	0.015544041450777202	0.015544041450777202	0.0051813471502590676	0.09326424870466321	4	24	3	47	3	35	1	34	18	24	8	4	5	2	36
MYD88.L265P	C5	0.00011476075715433323	9.99990000099999e-06	0.10880829015544041	0.0	0.1904761904761905	0.0	0.04761904761904762	0.761904761904762	0.0	0.02072538860103627	0.0	0.0051813471502590676	0.08290155440414508	0	28	4	46	0	38	1	34	16	26	0	8	0	2	32
ETV6	C5	0.00011476075715433323	9.99990000099999e-06	0.08290155440414507	0.06250000000000001	0.06250000000000001	0.0	0.0	0.875	0.0051813471502590676	0.0051813471502590676	0.0	0.0	0.07253886010362694	1	27	1	49	0	38	0	35	14	28	2	2	0	0	27
MYD88	C5	0.0002891971080289197	2.999970000299997e-05	0.18652849740932642	0.16666666666666666	0.19444444444444442	0.02777777777777778	0.08333333333333333	0.5277777777777778	0.031088082901554404	0.03626943005181347	0.0051813471502590676	0.015544041450777202	0.09844559585492228	6	22	7	43	1	37	3	32	19	23	12	14	2	6	38
X3Q.AMP	C5	0.00035703346670237004	3.999960000399996e-05	0.26943005181347146	0.07692307692307694	0.2692307692307693	0.09615384615384616	0.09615384615384616	0.4615384615384616	0.02072538860103627	0.07253886010362694	0.025906735751295335	0.025906735751295335	0.12435233160621761	4	24	14	36	5	33	5	30	24	18	4	16	5	5	28
X19Q.AMP	C5	0.0006426602400642661	7.999920000799993e-05	0.16580310880829013	0.0	0.3125	0.09375000000000001	0.09375000000000001	0.5000000000000001	0.0	0.05181347150259067	0.015544041450777202	0.015544041450777202	0.08290155440414508	0	28	10	40	3	35	3	32	16	26	0	10	3	3	19
GRHPR	C5	0.002473396318668392	0.0003899961000389996	0.031088082901554404	0.0	0.0	0.0	0.0	1.0	0.0	0.0	0.0	0.0	0.031088082901554404	0	28	0	50	0	38	0	35	6	36	0	0	0	0	12
TBL1XR1	C5	0.004761171900476117	0.0008099919000809992	0.09844559585492227	0.05263157894736843	0.10526315789473686	0.15789473684210528	0.05263157894736843	0.6315789473684211	0.0051813471502590676	0.010362694300518135	0.015544041450777202	0.0051813471502590676	0.06217616580310881	1	27	2	48	3	35	1	34	12	30	2	4	6	1	24
X3P.AMP	C5	0.01026649733502665	0.002129978700212998	0.18652849740932642	0.08333333333333333	0.25	0.08333333333333333	0.11111111111111112	0.4722222222222222	0.015544041450777202	0.046632124352331605	0.015544041450777202	0.02072538860103627	0.08808290155440414	3	25	9	41	3	35	4	31	17	25	3	9	3	4	20
HLA.C	C5	0.013208521760936237	0.002849971500284997	0.05181347150259068	0.3	0.0	0.0	0.09999999999999999	0.6	0.015544041450777202	0.0	0.0	0.0051813471502590676	0.031088082901554404	3	25	0	50	0	38	1	34	6	36	6	0	0	2	12
PRDM1	C5	0.01321023826798769	0.002919970800291997	0.10362694300518134	0.3	0.05	0.15	0.05	0.45	0.031088082901554404	0.0051813471502590676	0.015544041450777202	0.0051813471502590676	0.046632124352331605	6	22	1	49	3	35	1	34	9	33	11	2	6	1	18
X17Q25.1.DEL	C5	0.01631037261055961	0.0037899621003789964	0.07772020725388601	0.2	0.26666666666666666	0.0	0.0	0.5333333333333333	0.015544041450777202	0.02072538860103627	0.0	0.0	0.04145077720207254	3	25	4	46	0	38	0	35	8	34	4	4	0	0	9
X18P.AMP	C5	0.021991030089699104	0.005839941600583994	0.2538860103626943	0.08163265306122448	0.3061224489795918	0.18367346938775508	0.061224489795918366	0.36734693877551017	0.02072538860103627	0.07772020725388601	0.046632124352331605	0.015544041450777202	0.09326424870466321	4	24	15	35	9	29	3	32	18	24	4	17	11	3	21
BTG1	C5	0.023226579328409616	0.006519934800651993	0.227979274611399	0.13636363636363635	0.0909090909090909	0.15909090909090906	0.24999999999999997	0.3636363636363636	0.031088082901554404	0.02072538860103627	0.03626943005181347	0.05699481865284974	0.08290155440414508	6	22	4	46	7	31	11	24	16	26	10	6	12	17	27
HLA.B	C5	0.023226579328409616	0.006299937000629994	0.11398963730569947	0.3181818181818182	0.04545454545454546	0.09090909090909093	0.18181818181818185	0.3636363636363637	0.03626943005181347	0.0051813471502590676	0.010362694300518135	0.02072538860103627	0.04145077720207254	7	21	1	49	2	36	4	31	8	34	14	2	3	8	16
HLA.A	C5	0.03441445585544144	0.010709892901070989	0.09844559585492227	0.15789473684210528	0.05263157894736843	0.10526315789473686	0.15789473684210528	0.5263157894736842	0.015544041450777202	0.0051813471502590676	0.010362694300518135	0.015544041450777202	0.05181347150259067	3	25	1	49	2	36	3	32	10	32	6	2	4	6	20
IGLL5	C5	0.05737385807960103	0.02094979050209498	0.11917098445595853	0.2173913043478261	0.13043478260869568	0.04347826086956522	0.1739130434782609	0.4347826086956522	0.025906735751295335	0.015544041450777202	0.0051813471502590676	0.02072538860103627	0.05181347150259067	5	23	3	47	1	37	4	31	10	32	10	5	2	7	18
X6Q21.DEL	C5	0.09429859829842069	0.04264957350426496	0.14507772020725387	0.14285714285714288	0.32142857142857145	0.07142857142857144	0.07142857142857144	0.3928571428571429	0.02072538860103627	0.046632124352331605	0.010362694300518135	0.010362694300518135	0.05699481865284974	4	24	9	41	2	36	2	33	11	31	4	9	2	2	13
X19Q13.42.AMP	C5	0.09598651761230137	0.04420955790442096	0.11917098445595856	0.17391304347826086	0.3043478260869565	0.0	0.17391304347826086	0.34782608695652173	0.02072538860103627	0.03626943005181347	0.0	0.02072538860103627	0.04145077720207254	4	24	7	43	0	38	4	31	8	34	5	8	0	4	10
ZC3H18	C5	0.2141170895983348	0.11549884501154989	0.031088082901554404	0.16666666666666669	0.0	0.0	0.33333333333333337	0.5	0.0051813471502590676	0.0	0.0	0.010362694300518135	0.015544041450777202	1	27	0	50	0	38	2	33	3	39	2	0	0	3	6
TSR1	C5	0.24671911554265752	0.14009859901400987	0.010362694300518135	0.0	0.0	0.0	0.0	1.0	0.0	0.0	0.0	0.0	0.010362694300518135	0	28	0	50	0	38	0	35	2	40	0	0	0	0	3
ARHGAP25	C5	0.2602441561791279	0.15644843551564486	0.05181347150259068	0.09999999999999999	0.0	0.19999999999999998	0.3	0.39999999999999997	0.0051813471502590676	0.0	0.010362694300518135	0.015544041450777202	0.02072538860103627	1	27	0	50	2	36	3	32	4	38	2	0	4	6	7
X6Q14.1.DEL	C5	0.2729623379441881	0.16762832371676284	0.08290155440414507	0.12500000000000003	0.06250000000000001	0.3125	0.12500000000000003	0.37500000000000006	0.010362694300518135	0.0051813471502590676	0.025906735751295335	0.010362694300518135	0.031088082901554404	2	26	1	49	5	33	2	33	6	36	2	1	5	2	6
ZC3H12A	C5	0.3504494147605108	0.23411765882341176	0.04145077720207254	0.125	0.125	0.0	0.25	0.5	0.0051813471502590676	0.0051813471502590676	0.0	0.010362694300518135	0.02072538860103627	1	27	1	49	0	38	2	33	4	38	2	2	0	3	8
FCGBP	C5	0.36208062161802623	0.24789752102478976	0.05181347150259068	0.0	0.3	0.09999999999999999	0.09999999999999999	0.49999999999999994	0.0	0.015544041450777202	0.0051813471502590676	0.0051813471502590676	0.025906735751295335	0	28	3	47	1	37	1	34	5	37	0	6	2	1	9
IRF2BP2	C5	0.40397755785755757	0.28328716712832874	0.015544041450777202	0.0	0.0	0.0	0.33333333333333337	0.6666666666666667	0.0	0.0	0.0	0.0051813471502590676	0.010362694300518135	0	28	0	50	0	38	1	34	2	40	0	0	0	2	4
HIST1H2AG	C5	0.4044648377045641	0.2853071469285307	0.05181347150259068	0.09999999999999999	0.19999999999999998	0.0	0.3	0.39999999999999997	0.0051813471502590676	0.010362694300518135	0.0	0.015544041450777202	0.02072538860103627	1	27	2	48	0	38	3	32	4	38	1	3	0	4	8
X17P11.2.DEL	C5	0.46903117175724796	0.33863661363386366	0.02590673575129534	0.0	0.19999999999999998	0.0	0.19999999999999998	0.6	0.0	0.0051813471502590676	0.0	0.0051813471502590676	0.015544041450777202	0	28	1	49	0	38	1	34	3	39	0	1	0	1	3
BCOR	C5	0.5203110890239412	0.3842961570384296	0.02072538860103627	0.25	0.0	0.25	0.0	0.5	0.0051813471502590676	0.0	0.0051813471502590676	0.0	0.010362694300518135	1	27	0	50	1	37	0	35	2	40	2	0	2	0	4
TMSB4X	C5	0.5280597737500886	0.4028959710402896	0.13989637305699482	0.14814814814814817	0.18518518518518517	0.1111111111111111	0.2222222222222222	0.3333333333333333	0.02072538860103627	0.025906735751295335	0.015544041450777202	0.031088082901554404	0.046632124352331605	4	24	5	45	3	35	6	29	9	33	8	9	6	12	17
FUT5	C5	0.6142979386532665	0.4995950040499595	0.02072538860103627	0.0	0.0	0.25	0.25	0.5	0.0	0.0	0.0051813471502590676	0.0051813471502590676	0.010362694300518135	0	28	0	50	1	37	1	34	2	40	0	0	2	2	4
X1Q32.1.AMP	C5	0.6493007934242266	0.5361446385536145	0.10362694300518135	0.09999999999999999	0.3	0.09999999999999999	0.15	0.3499999999999999	0.010362694300518135	0.031088082901554404	0.010362694300518135	0.015544041450777202	0.03626943005181347	2	26	6	44	2	36	3	32	7	35	3	7	3	4	9
X21Q22.3.AMP	C5	0.7319489130690088	0.6529834701652983	0.06735751295336788	0.15384615384615385	0.23076923076923075	0.15384615384615385	0.07692307692307693	0.3846153846153846	0.010362694300518135	0.015544041450777202	0.010362694300518135	0.0051813471502590676	0.025906735751295335	2	26	3	47	2	36	1	34	5	37	2	6	2	1	5
HIST1H3B	C5	0.7525994875797849	0.6872831271687283	0.02072538860103627	0.0	0.25	0.0	0.25	0.5	0.0	0.0051813471502590676	0.0	0.0051813471502590676	0.010362694300518135	0	28	1	49	0	38	1	34	2	40	0	2	0	2	3
SMEK1	C5	0.995904594145548	0.971110288897111	0.031088082901554404	0.16666666666666669	0.16666666666666669	0.16666666666666669	0.16666666666666669	0.33333333333333337	0.0051813471502590676	0.0051813471502590676	0.0051813471502590676	0.0051813471502590676	0.010362694300518135	1	27	1	49	1	37	1	34	2	40	2	2	2	2	4
