	Clus1_B1	Clus2_B1	Clus3_B1	Clus4_B1	Clus5_B1	Clus1_B2	Clus2_B2	Clus3_B2	Clus4_B2	Clus5_B2
B*07:02	0.05	0.08771929824561403	0.1111111111111111	0.15463917525773196	0.11494252873563218	0.12142857142857143	0.08187134502923976	0.1111111111111111	0.1134020618556701	0.07471264367816093
B*07:04	0.0	0.0	0.0	0.0	0.0	0.0	0.005847953216374269	0.0	0.010309278350515464	0.0
B*07:05	0.0	0.0	0.0	0.020618556701030927	0.0	0.0	0.0	0.0	0.010309278350515464	0.0
B*08:01	0.20714285714285716	0.21637426900584794	0.17094017094017094	0.21649484536082475	0.20114942528735633	0.05714285714285714	0.03508771929824561	0.07692307692307693	0.09278350515463918	0.06321839080459771
B*08:23	0.007142857142857143	0.0	0.0	0.0	0.0	0.0	0.0	0.0	0.0	0.0
B*13:01	0.007142857142857143	0.0	0.0	0.0	0.0	0.0	0.0	0.008547008547008548	0.0	0.0
B*13:02	0.02857142857142857	0.011695906432748537	0.042735042735042736	0.05154639175257732	0.022988505747126436	0.0	0.03508771929824561	0.02564102564102564	0.030927835051546393	0.022988505747126436
B*14:01	0.02142857142857143	0.0	0.008547008547008548	0.030927835051546393	0.0	0.0	0.0	0.0	0.010309278350515464	0.0
B*14:02	0.07142857142857142	0.04093567251461988	0.02564102564102564	0.030927835051546393	0.028735632183908046	0.03571428571428571	0.04678362573099415	0.017094017094017096	0.041237113402061855	0.034482758620689655
B*15:01	0.02142857142857143	0.017543859649122806	0.0	0.0	0.034482758620689655	0.08571428571428572	0.09941520467836257	0.11965811965811966	0.10309278350515463	0.12643678160919541
B*15:02	0.0	0.0	0.0	0.010309278350515464	0.0	0.02142857142857143	0.0	0.017094017094017096	0.0	0.011494252873563218
B*15:03	0.0	0.0	0.0	0.0	0.0	0.0	0.0	0.008547008547008548	0.0	0.0
B*15:09	0.0	0.005847953216374269	0.0	0.0	0.0	0.0	0.0	0.0	0.0	0.0
B*15:10	0.0	0.0	0.0	0.0	0.0	0.014285714285714285	0.0	0.0	0.0	0.0
B*15:12	0.0	0.0	0.0	0.0	0.0	0.0	0.0	0.0	0.010309278350515464	0.0
B*15:16	0.0	0.0	0.0	0.0	0.0	0.0	0.0	0.0	0.010309278350515464	0.0
B*15:17	0.0	0.0	0.008547008547008548	0.0	0.0	0.007142857142857143	0.017543859649122806	0.008547008547008548	0.0	0.005747126436781609
B*15:18	0.0	0.0	0.0	0.0	0.0	0.0	0.0	0.008547008547008548	0.0	0.0
B*15:24	0.0	0.0	0.0	0.0	0.0	0.0	0.0	0.008547008547008548	0.0	0.0
B*15:27	0.0	0.0	0.0	0.0	0.005747126436781609	0.0	0.0	0.0	0.0	0.0
B*15:35	0.0	0.005847953216374269	0.0	0.0	0.0	0.007142857142857143	0.005847953216374269	0.0	0.0	0.0
B*18:01	0.07142857142857142	0.04678362573099415	0.05128205128205128	0.020618556701030927	0.06896551724137931	0.05	0.04678362573099415	0.008547008547008548	0.030927835051546393	0.06896551724137931
B*18:03	0.0	0.0	0.0	0.0	0.005747126436781609	0.0	0.0	0.0	0.0	0.005747126436781609
B*27:02	0.0	0.0	0.0	0.0	0.005747126436781609	0.0	0.0	0.0	0.0	0.0
B*27:05	0.014285714285714285	0.023391812865497075	0.03418803418803419	0.010309278350515464	0.028735632183908046	0.05	0.04093567251461988	0.03418803418803419	0.030927835051546393	0.034482758620689655
B*27:07	0.0	0.0	0.0	0.0	0.0	0.0	0.0	0.008547008547008548	0.0	0.0
B*27:14	0.0	0.0	0.0	0.0	0.005747126436781609	0.0	0.0	0.0	0.0	0.0
B*35:01	0.05714285714285714	0.07017543859649122	0.13675213675213677	0.07216494845360824	0.028735632183908046	0.08571428571428572	0.07602339181286549	0.10256410256410256	0.07216494845360824	0.04597701149425287
B*35:02	0.007142857142857143	0.0	0.008547008547008548	0.030927835051546393	0.011494252873563218	0.014285714285714285	0.011695906432748537	0.0	0.0	0.0
B*35:03	0.02857142857142857	0.0	0.008547008547008548	0.010309278350515464	0.011494252873563218	0.014285714285714285	0.023391812865497075	0.008547008547008548	0.030927835051546393	0.028735632183908046
B*35:05	0.007142857142857143	0.0	0.0	0.010309278350515464	0.005747126436781609	0.0	0.0	0.0	0.0	0.0
B*35:08	0.014285714285714285	0.0	0.008547008547008548	0.0	0.005747126436781609	0.0	0.017543859649122806	0.0	0.0	0.0
B*37:01	0.0	0.0	0.008547008547008548	0.0	0.017241379310344827	0.05	0.03508771929824561	0.042735042735042736	0.041237113402061855	0.022988505747126436
B*38:01	0.0	0.011695906432748537	0.0	0.0	0.011494252873563218	0.05	0.029239766081871343	0.008547008547008548	0.0	0.05747126436781609
B*38:02	0.0	0.0	0.0	0.0	0.0	0.014285714285714285	0.005847953216374269	0.008547008547008548	0.0	0.0
B*39:01	0.007142857142857143	0.011695906432748537	0.008547008547008548	0.010309278350515464	0.011494252873563218	0.03571428571428571	0.011695906432748537	0.008547008547008548	0.010309278350515464	0.028735632183908046
B*39:03	0.0	0.0	0.008547008547008548	0.0	0.0	0.0	0.0	0.0	0.0	0.0
B*39:05	0.0	0.005847953216374269	0.0	0.0	0.0	0.0	0.0	0.0	0.0	0.0
B*39:06	0.0	0.0	0.0	0.0	0.0	0.0	0.0	0.008547008547008548	0.010309278350515464	0.0
B*39:24	0.0	0.0	0.008547008547008548	0.0	0.0	0.0	0.0	0.0	0.0	0.0
B*40:01	0.05	0.005847953216374269	0.042735042735042736	0.010309278350515464	0.028735632183908046	0.1	0.05263157894736842	0.05128205128205128	0.10309278350515463	0.09195402298850575
B*40:02	0.02857142857142857	0.0	0.0	0.0	0.011494252873563218	0.02142857142857143	0.023391812865497075	0.017094017094017096	0.030927835051546393	0.034482758620689655
B*40:06	0.0	0.0	0.008547008547008548	0.0	0.0	0.0	0.005847953216374269	0.008547008547008548	0.0	0.0
B*41:01	0.007142857142857143	0.017543859649122806	0.0	0.010309278350515464	0.0	0.0	0.0	0.0	0.0	0.0
B*41:02	0.0	0.0	0.0	0.010309278350515464	0.0	0.0	0.0	0.0	0.010309278350515464	0.005747126436781609
B*41:03	0.0	0.0	0.0	0.0	0.0	0.007142857142857143	0.0	0.0	0.0	0.0
B*44:02	0.07142857142857142	0.18128654970760233	0.1282051282051282	0.08247422680412371	0.10919540229885058	0.04285714285714286	0.05847953216374269	0.02564102564102564	0.020618556701030927	0.022988505747126436
B*44:03	0.06428571428571428	0.06432748538011696	0.02564102564102564	0.041237113402061855	0.028735632183908046	0.007142857142857143	0.017543859649122806	0.0	0.0	0.005747126436781609
B*44:05	0.0	0.0	0.008547008547008548	0.0	0.0	0.0	0.0	0.008547008547008548	0.0	0.0
B*44:06	0.0	0.0	0.0	0.0	0.0	0.0	0.0	0.0	0.010309278350515464	0.0
B*44:09	0.0	0.0	0.0	0.0	0.005747126436781609	0.0	0.0	0.0	0.0	0.0
B*45:01	0.014285714285714285	0.017543859649122806	0.0	0.020618556701030927	0.0	0.007142857142857143	0.005847953216374269	0.0	0.0	0.0
B*46:01	0.014285714285714285	0.017543859649122806	0.0	0.010309278350515464	0.0	0.0	0.0	0.0	0.010309278350515464	0.0
B*47:01	0.0	0.0	0.0	0.0	0.005747126436781609	0.0	0.005847953216374269	0.008547008547008548	0.0	0.0
B*49:01	0.014285714285714285	0.04093567251461988	0.0	0.020618556701030927	0.022988505747126436	0.007142857142857143	0.017543859649122806	0.008547008547008548	0.020618556701030927	0.011494252873563218
B*50:01	0.007142857142857143	0.005847953216374269	0.017094017094017096	0.0	0.011494252873563218	0.0	0.029239766081871343	0.042735042735042736	0.0	0.028735632183908046
B*51:01	0.02857142857142857	0.03508771929824561	0.02564102564102564	0.041237113402061855	0.040229885057471264	0.03571428571428571	0.05847953216374269	0.1111111111111111	0.07216494845360824	0.05747126436781609
B*51:08	0.0	0.0	0.008547008547008548	0.0	0.0	0.0	0.0	0.008547008547008548	0.0	0.005747126436781609
B*52:01	0.014285714285714285	0.0	0.0	0.0	0.017241379310344827	0.007142857142857143	0.005847953216374269	0.017094017094017096	0.0	0.005747126436781609
B*53:01	0.007142857142857143	0.0	0.008547008547008548	0.010309278350515464	0.005747126436781609	0.007142857142857143	0.005847953216374269	0.008547008547008548	0.0	0.011494252873563218
B*54:01	0.0	0.005847953216374269	0.0	0.0	0.0	0.0	0.011695906432748537	0.008547008547008548	0.0	0.0
B*55:01	0.007142857142857143	0.0	0.0	0.010309278350515464	0.011494252873563218	0.007142857142857143	0.029239766081871343	0.017094017094017096	0.020618556701030927	0.022988505747126436
B*56:01	0.0	0.005847953216374269	0.008547008547008548	0.0	0.0	0.014285714285714285	0.005847953216374269	0.0	0.0	0.0
B*57:01	0.014285714285714285	0.03508771929824561	0.05128205128205128	0.020618556701030927	0.028735632183908046	0.007142857142857143	0.03508771929824561	0.0	0.010309278350515464	0.028735632183908046
B*57:03	0.007142857142857143	0.005847953216374269	0.0	0.0	0.0	0.0	0.0	0.0	0.0	0.0
B*58:01	0.02142857142857143	0.0	0.008547008547008548	0.020618556701030927	0.011494252873563218	0.007142857142857143	0.0	0.0	0.010309278350515464	0.005747126436781609
B*58:02	0.0	0.0	0.0	0.0	0.0	0.0	0.0	0.0	0.010309278350515464	0.0
B*73:01	0.0	0.0	0.0	0.0	0.005747126436781609	0.0	0.0	0.0	0.0	0.0
