	Clus1_A1	Clus2_A1	Clus3_A1	Clus4_A1	Clus5_A1	Clus1_A2	Clus2_A2	Clus3_A2	Clus4_A2	Clus5_A2	Clus1_B1	Clus2_B1	Clus3_B1	Clus4_B1	Clus5_B1	Clus1_B2	Clus2_B2	Clus3_B2	Clus4_B2	Clus5_B2	Clus1_C1	Clus2_C1	Clus3_C1	Clus4_C1	Clus5_C1	Clus1_C2	Clus2_C2	Clus3_C2	Clus4_C2	Clus5_C2
A*01:01	0.15	0.15789473684210525	0.1623931623931624	0.20618556701030927	0.16091954022988506	0.15714285714285714	0.12280701754385964	0.2222222222222222	0.15463917525773196	0.14367816091954022	0.0	0.0	0.0	0.0	0.0	0.0	0.0	0.0	0.0	0.0	0.0	0.0	0.0	0.0	0.0	0.0	0.0	0.0	0.0	0.0
A*02:01	0.35714285714285715	0.34502923976608185	0.46153846153846156	0.3402061855670103	0.4425287356321839	0.17857142857142858	0.15204678362573099	0.1282051282051282	0.15463917525773196	0.14942528735632185	0.0	0.0	0.0	0.0	0.0	0.0	0.0	0.0	0.0	0.0	0.0	0.0	0.0	0.0	0.0	0.0	0.0	0.0	0.0	0.0
A*02:02	0.007142857142857143	0.005847953216374269	0.0	0.010309278350515464	0.0	0.0	0.0	0.0	0.0	0.0	0.0	0.0	0.0	0.0	0.0	0.0	0.0	0.0	0.0	0.0	0.0	0.0	0.0	0.0	0.0	0.0	0.0	0.0	0.0	0.0
A*02:03	0.0	0.005847953216374269	0.0	0.0	0.0	0.0	0.0	0.0	0.0	0.0	0.0	0.0	0.0	0.0	0.0	0.0	0.0	0.0	0.0	0.0	0.0	0.0	0.0	0.0	0.0	0.0	0.0	0.0	0.0	0.0
A*02:05	0.02857142857142857	0.017543859649122806	0.02564102564102564	0.010309278350515464	0.011494252873563218	0.007142857142857143	0.005847953216374269	0.008547008547008548	0.0	0.0	0.0	0.0	0.0	0.0	0.0	0.0	0.0	0.0	0.0	0.0	0.0	0.0	0.0	0.0	0.0	0.0	0.0	0.0	0.0	0.0
A*02:06	0.014285714285714285	0.005847953216374269	0.017094017094017096	0.0	0.0	0.0	0.005847953216374269	0.008547008547008548	0.0	0.0	0.0	0.0	0.0	0.0	0.0	0.0	0.0	0.0	0.0	0.0	0.0	0.0	0.0	0.0	0.0	0.0	0.0	0.0	0.0	0.0
A*02:07	0.014285714285714285	0.005847953216374269	0.0	0.010309278350515464	0.0	0.0	0.0	0.0	0.0	0.0	0.0	0.0	0.0	0.0	0.0	0.0	0.0	0.0	0.0	0.0	0.0	0.0	0.0	0.0	0.0	0.0	0.0	0.0	0.0	0.0
A*02:17	0.0	0.0	0.0	0.0	0.005747126436781609	0.0	0.0	0.0	0.0	0.0	0.0	0.0	0.0	0.0	0.0	0.0	0.0	0.0	0.0	0.0	0.0	0.0	0.0	0.0	0.0	0.0	0.0	0.0	0.0	0.0
A*02:74	0.0	0.0	0.0	0.0	0.0	0.0	0.0	0.0	0.0	0.005747126436781609	0.0	0.0	0.0	0.0	0.0	0.0	0.0	0.0	0.0	0.0	0.0	0.0	0.0	0.0	0.0	0.0	0.0	0.0	0.0	0.0
A*03:01	0.05714285714285714	0.07602339181286549	0.07692307692307693	0.05154639175257732	0.040229885057471264	0.19285714285714287	0.21637426900584794	0.24786324786324787	0.17525773195876287	0.1724137931034483	0.0	0.0	0.0	0.0	0.0	0.0	0.0	0.0	0.0	0.0	0.0	0.0	0.0	0.0	0.0	0.0	0.0	0.0	0.0	0.0
A*03:02	0.0	0.005847953216374269	0.0	0.0	0.0	0.0	0.005847953216374269	0.0	0.0	0.0	0.0	0.0	0.0	0.0	0.0	0.0	0.0	0.0	0.0	0.0	0.0	0.0	0.0	0.0	0.0	0.0	0.0	0.0	0.0	0.0
A*03:65	0.0	0.0	0.0	0.0	0.0	0.007142857142857143	0.0	0.0	0.0	0.0	0.0	0.0	0.0	0.0	0.0	0.0	0.0	0.0	0.0	0.0	0.0	0.0	0.0	0.0	0.0	0.0	0.0	0.0	0.0	0.0
A*11:01	0.03571428571428571	0.023391812865497075	0.02564102564102564	0.030927835051546393	0.034482758620689655	0.08571428571428572	0.12280701754385964	0.08547008547008547	0.12371134020618557	0.12643678160919541	0.0	0.0	0.0	0.0	0.0	0.0	0.0	0.0	0.0	0.0	0.0	0.0	0.0	0.0	0.0	0.0	0.0	0.0	0.0	0.0
A*11:02	0.007142857142857143	0.0	0.008547008547008548	0.0	0.0	0.007142857142857143	0.0	0.008547008547008548	0.0	0.011494252873563218	0.0	0.0	0.0	0.0	0.0	0.0	0.0	0.0	0.0	0.0	0.0	0.0	0.0	0.0	0.0	0.0	0.0	0.0	0.0	0.0
A*11:04	0.0	0.0	0.0	0.0	0.0	0.0	0.0	0.008547008547008548	0.0	0.0	0.0	0.0	0.0	0.0	0.0	0.0	0.0	0.0	0.0	0.0	0.0	0.0	0.0	0.0	0.0	0.0	0.0	0.0	0.0	0.0
A*23:01	0.0	0.011695906432748537	0.0	0.0	0.0	0.02142857142857143	0.05263157894736842	0.017094017094017096	0.010309278350515464	0.028735632183908046	0.0	0.0	0.0	0.0	0.0	0.0	0.0	0.0	0.0	0.0	0.0	0.0	0.0	0.0	0.0	0.0	0.0	0.0	0.0	0.0
A*23:05	0.0	0.0	0.0	0.0	0.0	0.0	0.0	0.008547008547008548	0.0	0.0	0.0	0.0	0.0	0.0	0.0	0.0	0.0	0.0	0.0	0.0	0.0	0.0	0.0	0.0	0.0	0.0	0.0	0.0	0.0	0.0
A*24:02	0.05	0.05847953216374269	0.03418803418803419	0.061855670103092786	0.06321839080459771	0.07857142857142857	0.05263157894736842	0.15384615384615385	0.12371134020618557	0.10344827586206896	0.0	0.0	0.0	0.0	0.0	0.0	0.0	0.0	0.0	0.0	0.0	0.0	0.0	0.0	0.0	0.0	0.0	0.0	0.0	0.0
A*24:03	0.0	0.0	0.0	0.0	0.005747126436781609	0.0	0.005847953216374269	0.0	0.010309278350515464	0.005747126436781609	0.0	0.0	0.0	0.0	0.0	0.0	0.0	0.0	0.0	0.0	0.0	0.0	0.0	0.0	0.0	0.0	0.0	0.0	0.0	0.0
A*24:07	0.007142857142857143	0.005847953216374269	0.0	0.010309278350515464	0.005747126436781609	0.007142857142857143	0.0	0.0	0.0	0.0	0.0	0.0	0.0	0.0	0.0	0.0	0.0	0.0	0.0	0.0	0.0	0.0	0.0	0.0	0.0	0.0	0.0	0.0	0.0	0.0
A*25:01	0.007142857142857143	0.011695906432748537	0.02564102564102564	0.0	0.005747126436781609	0.04285714285714286	0.03508771929824561	0.008547008547008548	0.010309278350515464	0.05172413793103448	0.0	0.0	0.0	0.0	0.0	0.0	0.0	0.0	0.0	0.0	0.0	0.0	0.0	0.0	0.0	0.0	0.0	0.0	0.0	0.0
A*26:01	0.007142857142857143	0.005847953216374269	0.008547008547008548	0.020618556701030927	0.028735632183908046	0.06428571428571428	0.06432748538011696	0.02564102564102564	0.041237113402061855	0.06321839080459771	0.0	0.0	0.0	0.0	0.0	0.0	0.0	0.0	0.0	0.0	0.0	0.0	0.0	0.0	0.0	0.0	0.0	0.0	0.0	0.0
A*26:07	0.0	0.0	0.0	0.0	0.0	0.0	0.0	0.0	0.0	0.005747126436781609	0.0	0.0	0.0	0.0	0.0	0.0	0.0	0.0	0.0	0.0	0.0	0.0	0.0	0.0	0.0	0.0	0.0	0.0	0.0	0.0
A*26:08	0.0	0.0	0.0	0.0	0.0	0.0	0.0	0.0	0.010309278350515464	0.0	0.0	0.0	0.0	0.0	0.0	0.0	0.0	0.0	0.0	0.0	0.0	0.0	0.0	0.0	0.0	0.0	0.0	0.0	0.0	0.0
A*29:01	0.007142857142857143	0.0	0.0	0.0	0.017241379310344827	0.0	0.005847953216374269	0.0	0.010309278350515464	0.0	0.0	0.0	0.0	0.0	0.0	0.0	0.0	0.0	0.0	0.0	0.0	0.0	0.0	0.0	0.0	0.0	0.0	0.0	0.0	0.0
A*29:02	0.05714285714285714	0.05263157894736842	0.017094017094017096	0.041237113402061855	0.011494252873563218	0.0	0.0	0.008547008547008548	0.0	0.0	0.0	0.0	0.0	0.0	0.0	0.0	0.0	0.0	0.0	0.0	0.0	0.0	0.0	0.0	0.0	0.0	0.0	0.0	0.0	0.0
A*30:01	0.014285714285714285	0.011695906432748537	0.02564102564102564	0.041237113402061855	0.011494252873563218	0.0	0.005847953216374269	0.0	0.0	0.0	0.0	0.0	0.0	0.0	0.0	0.0	0.0	0.0	0.0	0.0	0.0	0.0	0.0	0.0	0.0	0.0	0.0	0.0	0.0	0.0
A*30:02	0.014285714285714285	0.03508771929824561	0.0	0.020618556701030927	0.011494252873563218	0.007142857142857143	0.0	0.0	0.0	0.0	0.0	0.0	0.0	0.0	0.0	0.0	0.0	0.0	0.0	0.0	0.0	0.0	0.0	0.0	0.0	0.0	0.0	0.0	0.0	0.0
A*30:04	0.0	0.005847953216374269	0.0	0.0	0.0	0.0	0.0	0.0	0.0	0.005747126436781609	0.0	0.0	0.0	0.0	0.0	0.0	0.0	0.0	0.0	0.0	0.0	0.0	0.0	0.0	0.0	0.0	0.0	0.0	0.0	0.0
A*31:01	0.05714285714285714	0.04678362573099415	0.042735042735042736	0.041237113402061855	0.040229885057471264	0.007142857142857143	0.005847953216374269	0.017094017094017096	0.0	0.0	0.0	0.0	0.0	0.0	0.0	0.0	0.0	0.0	0.0	0.0	0.0	0.0	0.0	0.0	0.0	0.0	0.0	0.0	0.0	0.0
A*32:01	0.02857142857142857	0.04678362573099415	0.008547008547008548	0.010309278350515464	0.034482758620689655	0.014285714285714285	0.023391812865497075	0.0	0.020618556701030927	0.028735632183908046	0.0	0.0	0.0	0.0	0.0	0.0	0.0	0.0	0.0	0.0	0.0	0.0	0.0	0.0	0.0	0.0	0.0	0.0	0.0	0.0
A*33:01	0.04285714285714286	0.017543859649122806	0.03418803418803419	0.010309278350515464	0.011494252873563218	0.007142857142857143	0.011695906432748537	0.0	0.010309278350515464	0.005747126436781609	0.0	0.0	0.0	0.0	0.0	0.0	0.0	0.0	0.0	0.0	0.0	0.0	0.0	0.0	0.0	0.0	0.0	0.0	0.0	0.0
A*33:03	0.007142857142857143	0.011695906432748537	0.017094017094017096	0.020618556701030927	0.005747126436781609	0.007142857142857143	0.0	0.008547008547008548	0.030927835051546393	0.005747126436781609	0.0	0.0	0.0	0.0	0.0	0.0	0.0	0.0	0.0	0.0	0.0	0.0	0.0	0.0	0.0	0.0	0.0	0.0	0.0	0.0
A*33:05	0.0	0.005847953216374269	0.0	0.0	0.0	0.0	0.0	0.0	0.0	0.0	0.0	0.0	0.0	0.0	0.0	0.0	0.0	0.0	0.0	0.0	0.0	0.0	0.0	0.0	0.0	0.0	0.0	0.0	0.0	0.0
A*34:01	0.0	0.0	0.0	0.0	0.0	0.0	0.005847953216374269	0.0	0.0	0.0	0.0	0.0	0.0	0.0	0.0	0.0	0.0	0.0	0.0	0.0	0.0	0.0	0.0	0.0	0.0	0.0	0.0	0.0	0.0	0.0
A*34:02	0.0	0.0	0.0	0.010309278350515464	0.005747126436781609	0.0	0.0	0.0	0.0	0.0	0.0	0.0	0.0	0.0	0.0	0.0	0.0	0.0	0.0	0.0	0.0	0.0	0.0	0.0	0.0	0.0	0.0	0.0	0.0	0.0
A*66:01	0.0	0.0	0.0	0.010309278350515464	0.005747126436781609	0.007142857142857143	0.005847953216374269	0.0	0.0	0.0	0.0	0.0	0.0	0.0	0.0	0.0	0.0	0.0	0.0	0.0	0.0	0.0	0.0	0.0	0.0	0.0	0.0	0.0	0.0	0.0
A*66:02	0.0	0.005847953216374269	0.0	0.0	0.0	0.0	0.0	0.0	0.0	0.0	0.0	0.0	0.0	0.0	0.0	0.0	0.0	0.0	0.0	0.0	0.0	0.0	0.0	0.0	0.0	0.0	0.0	0.0	0.0	0.0
A*68:01	0.0	0.005847953216374269	0.0	0.010309278350515464	0.005747126436781609	0.06428571428571428	0.05263157894736842	0.017094017094017096	0.08247422680412371	0.028735632183908046	0.0	0.0	0.0	0.0	0.0	0.0	0.0	0.0	0.0	0.0	0.0	0.0	0.0	0.0	0.0	0.0	0.0	0.0	0.0	0.0
A*68:02	0.014285714285714285	0.005847953216374269	0.0	0.010309278350515464	0.0	0.02857142857142857	0.03508771929824561	0.008547008547008548	0.020618556701030927	0.017241379310344827	0.0	0.0	0.0	0.0	0.0	0.0	0.0	0.0	0.0	0.0	0.0	0.0	0.0	0.0	0.0	0.0	0.0	0.0	0.0	0.0
A*69:01	0.007142857142857143	0.0	0.0	0.0	0.0	0.0	0.0	0.0	0.0	0.0	0.0	0.0	0.0	0.0	0.0	0.0	0.0	0.0	0.0	0.0	0.0	0.0	0.0	0.0	0.0	0.0	0.0	0.0	0.0	0.0
A*74:01	0.0	0.0	0.0	0.010309278350515464	0.0	0.0	0.0	0.0	0.0	0.0	0.0	0.0	0.0	0.0	0.0	0.0	0.0	0.0	0.0	0.0	0.0	0.0	0.0	0.0	0.0	0.0	0.0	0.0	0.0	0.0
A*74:02	0.0	0.0	0.0	0.0	0.005747126436781609	0.0	0.0	0.0	0.0	0.0	0.0	0.0	0.0	0.0	0.0	0.0	0.0	0.0	0.0	0.0	0.0	0.0	0.0	0.0	0.0	0.0	0.0	0.0	0.0	0.0
A*74:03	0.0	0.0	0.0	0.0	0.0	0.0	0.0	0.0	0.0	0.005747126436781609	0.0	0.0	0.0	0.0	0.0	0.0	0.0	0.0	0.0	0.0	0.0	0.0	0.0	0.0	0.0	0.0	0.0	0.0	0.0	0.0
A*80:01	0.0	0.0	0.0	0.0	0.0	0.0	0.0	0.0	0.0	0.005747126436781609	0.0	0.0	0.0	0.0	0.0	0.0	0.0	0.0	0.0	0.0	0.0	0.0	0.0	0.0	0.0	0.0	0.0	0.0	0.0	0.0
B*07:02	0.0	0.0	0.0	0.0	0.0	0.0	0.0	0.0	0.0	0.0	0.05	0.08771929824561403	0.1111111111111111	0.15463917525773196	0.11494252873563218	0.12142857142857143	0.08187134502923976	0.1111111111111111	0.1134020618556701	0.07471264367816093	0.0	0.0	0.0	0.0	0.0	0.0	0.0	0.0	0.0	0.0
B*07:04	0.0	0.0	0.0	0.0	0.0	0.0	0.0	0.0	0.0	0.0	0.0	0.0	0.0	0.0	0.0	0.0	0.005847953216374269	0.0	0.010309278350515464	0.0	0.0	0.0	0.0	0.0	0.0	0.0	0.0	0.0	0.0	0.0
B*07:05	0.0	0.0	0.0	0.0	0.0	0.0	0.0	0.0	0.0	0.0	0.0	0.0	0.0	0.020618556701030927	0.0	0.0	0.0	0.0	0.010309278350515464	0.0	0.0	0.0	0.0	0.0	0.0	0.0	0.0	0.0	0.0	0.0
B*08:01	0.0	0.0	0.0	0.0	0.0	0.0	0.0	0.0	0.0	0.0	0.20714285714285716	0.21637426900584794	0.17094017094017094	0.21649484536082475	0.20114942528735633	0.05714285714285714	0.03508771929824561	0.07692307692307693	0.09278350515463918	0.06321839080459771	0.0	0.0	0.0	0.0	0.0	0.0	0.0	0.0	0.0	0.0
B*08:23	0.0	0.0	0.0	0.0	0.0	0.0	0.0	0.0	0.0	0.0	0.007142857142857143	0.0	0.0	0.0	0.0	0.0	0.0	0.0	0.0	0.0	0.0	0.0	0.0	0.0	0.0	0.0	0.0	0.0	0.0	0.0
B*13:01	0.0	0.0	0.0	0.0	0.0	0.0	0.0	0.0	0.0	0.0	0.007142857142857143	0.0	0.0	0.0	0.0	0.0	0.0	0.008547008547008548	0.0	0.0	0.0	0.0	0.0	0.0	0.0	0.0	0.0	0.0	0.0	0.0
B*13:02	0.0	0.0	0.0	0.0	0.0	0.0	0.0	0.0	0.0	0.0	0.02857142857142857	0.011695906432748537	0.042735042735042736	0.05154639175257732	0.022988505747126436	0.0	0.03508771929824561	0.02564102564102564	0.030927835051546393	0.022988505747126436	0.0	0.0	0.0	0.0	0.0	0.0	0.0	0.0	0.0	0.0
B*14:01	0.0	0.0	0.0	0.0	0.0	0.0	0.0	0.0	0.0	0.0	0.02142857142857143	0.0	0.008547008547008548	0.030927835051546393	0.0	0.0	0.0	0.0	0.010309278350515464	0.0	0.0	0.0	0.0	0.0	0.0	0.0	0.0	0.0	0.0	0.0
B*14:02	0.0	0.0	0.0	0.0	0.0	0.0	0.0	0.0	0.0	0.0	0.07142857142857142	0.04093567251461988	0.02564102564102564	0.030927835051546393	0.028735632183908046	0.03571428571428571	0.04678362573099415	0.017094017094017096	0.041237113402061855	0.034482758620689655	0.0	0.0	0.0	0.0	0.0	0.0	0.0	0.0	0.0	0.0
B*15:01	0.0	0.0	0.0	0.0	0.0	0.0	0.0	0.0	0.0	0.0	0.02142857142857143	0.017543859649122806	0.0	0.0	0.034482758620689655	0.08571428571428572	0.09941520467836257	0.11965811965811966	0.10309278350515463	0.12643678160919541	0.0	0.0	0.0	0.0	0.0	0.0	0.0	0.0	0.0	0.0
B*15:02	0.0	0.0	0.0	0.0	0.0	0.0	0.0	0.0	0.0	0.0	0.0	0.0	0.0	0.010309278350515464	0.0	0.02142857142857143	0.0	0.017094017094017096	0.0	0.011494252873563218	0.0	0.0	0.0	0.0	0.0	0.0	0.0	0.0	0.0	0.0
B*15:03	0.0	0.0	0.0	0.0	0.0	0.0	0.0	0.0	0.0	0.0	0.0	0.0	0.0	0.0	0.0	0.0	0.0	0.008547008547008548	0.0	0.0	0.0	0.0	0.0	0.0	0.0	0.0	0.0	0.0	0.0	0.0
B*15:09	0.0	0.0	0.0	0.0	0.0	0.0	0.0	0.0	0.0	0.0	0.0	0.005847953216374269	0.0	0.0	0.0	0.0	0.0	0.0	0.0	0.0	0.0	0.0	0.0	0.0	0.0	0.0	0.0	0.0	0.0	0.0
B*15:10	0.0	0.0	0.0	0.0	0.0	0.0	0.0	0.0	0.0	0.0	0.0	0.0	0.0	0.0	0.0	0.014285714285714285	0.0	0.0	0.0	0.0	0.0	0.0	0.0	0.0	0.0	0.0	0.0	0.0	0.0	0.0
B*15:12	0.0	0.0	0.0	0.0	0.0	0.0	0.0	0.0	0.0	0.0	0.0	0.0	0.0	0.0	0.0	0.0	0.0	0.0	0.010309278350515464	0.0	0.0	0.0	0.0	0.0	0.0	0.0	0.0	0.0	0.0	0.0
B*15:16	0.0	0.0	0.0	0.0	0.0	0.0	0.0	0.0	0.0	0.0	0.0	0.0	0.0	0.0	0.0	0.0	0.0	0.0	0.010309278350515464	0.0	0.0	0.0	0.0	0.0	0.0	0.0	0.0	0.0	0.0	0.0
B*15:17	0.0	0.0	0.0	0.0	0.0	0.0	0.0	0.0	0.0	0.0	0.0	0.0	0.008547008547008548	0.0	0.0	0.007142857142857143	0.017543859649122806	0.008547008547008548	0.0	0.005747126436781609	0.0	0.0	0.0	0.0	0.0	0.0	0.0	0.0	0.0	0.0
B*15:18	0.0	0.0	0.0	0.0	0.0	0.0	0.0	0.0	0.0	0.0	0.0	0.0	0.0	0.0	0.0	0.0	0.0	0.008547008547008548	0.0	0.0	0.0	0.0	0.0	0.0	0.0	0.0	0.0	0.0	0.0	0.0
B*15:24	0.0	0.0	0.0	0.0	0.0	0.0	0.0	0.0	0.0	0.0	0.0	0.0	0.0	0.0	0.0	0.0	0.0	0.008547008547008548	0.0	0.0	0.0	0.0	0.0	0.0	0.0	0.0	0.0	0.0	0.0	0.0
B*15:27	0.0	0.0	0.0	0.0	0.0	0.0	0.0	0.0	0.0	0.0	0.0	0.0	0.0	0.0	0.005747126436781609	0.0	0.0	0.0	0.0	0.0	0.0	0.0	0.0	0.0	0.0	0.0	0.0	0.0	0.0	0.0
B*15:35	0.0	0.0	0.0	0.0	0.0	0.0	0.0	0.0	0.0	0.0	0.0	0.005847953216374269	0.0	0.0	0.0	0.007142857142857143	0.005847953216374269	0.0	0.0	0.0	0.0	0.0	0.0	0.0	0.0	0.0	0.0	0.0	0.0	0.0
B*18:01	0.0	0.0	0.0	0.0	0.0	0.0	0.0	0.0	0.0	0.0	0.07142857142857142	0.04678362573099415	0.05128205128205128	0.020618556701030927	0.06896551724137931	0.05	0.04678362573099415	0.008547008547008548	0.030927835051546393	0.06896551724137931	0.0	0.0	0.0	0.0	0.0	0.0	0.0	0.0	0.0	0.0
B*18:03	0.0	0.0	0.0	0.0	0.0	0.0	0.0	0.0	0.0	0.0	0.0	0.0	0.0	0.0	0.005747126436781609	0.0	0.0	0.0	0.0	0.005747126436781609	0.0	0.0	0.0	0.0	0.0	0.0	0.0	0.0	0.0	0.0
B*27:02	0.0	0.0	0.0	0.0	0.0	0.0	0.0	0.0	0.0	0.0	0.0	0.0	0.0	0.0	0.005747126436781609	0.0	0.0	0.0	0.0	0.0	0.0	0.0	0.0	0.0	0.0	0.0	0.0	0.0	0.0	0.0
B*27:05	0.0	0.0	0.0	0.0	0.0	0.0	0.0	0.0	0.0	0.0	0.014285714285714285	0.023391812865497075	0.03418803418803419	0.010309278350515464	0.028735632183908046	0.05	0.04093567251461988	0.03418803418803419	0.030927835051546393	0.034482758620689655	0.0	0.0	0.0	0.0	0.0	0.0	0.0	0.0	0.0	0.0
B*27:07	0.0	0.0	0.0	0.0	0.0	0.0	0.0	0.0	0.0	0.0	0.0	0.0	0.0	0.0	0.0	0.0	0.0	0.008547008547008548	0.0	0.0	0.0	0.0	0.0	0.0	0.0	0.0	0.0	0.0	0.0	0.0
B*27:14	0.0	0.0	0.0	0.0	0.0	0.0	0.0	0.0	0.0	0.0	0.0	0.0	0.0	0.0	0.005747126436781609	0.0	0.0	0.0	0.0	0.0	0.0	0.0	0.0	0.0	0.0	0.0	0.0	0.0	0.0	0.0
B*35:01	0.0	0.0	0.0	0.0	0.0	0.0	0.0	0.0	0.0	0.0	0.05714285714285714	0.07017543859649122	0.13675213675213677	0.07216494845360824	0.028735632183908046	0.08571428571428572	0.07602339181286549	0.10256410256410256	0.07216494845360824	0.04597701149425287	0.0	0.0	0.0	0.0	0.0	0.0	0.0	0.0	0.0	0.0
B*35:02	0.0	0.0	0.0	0.0	0.0	0.0	0.0	0.0	0.0	0.0	0.007142857142857143	0.0	0.008547008547008548	0.030927835051546393	0.011494252873563218	0.014285714285714285	0.011695906432748537	0.0	0.0	0.0	0.0	0.0	0.0	0.0	0.0	0.0	0.0	0.0	0.0	0.0
B*35:03	0.0	0.0	0.0	0.0	0.0	0.0	0.0	0.0	0.0	0.0	0.02857142857142857	0.0	0.008547008547008548	0.010309278350515464	0.011494252873563218	0.014285714285714285	0.023391812865497075	0.008547008547008548	0.030927835051546393	0.028735632183908046	0.0	0.0	0.0	0.0	0.0	0.0	0.0	0.0	0.0	0.0
B*35:05	0.0	0.0	0.0	0.0	0.0	0.0	0.0	0.0	0.0	0.0	0.007142857142857143	0.0	0.0	0.010309278350515464	0.005747126436781609	0.0	0.0	0.0	0.0	0.0	0.0	0.0	0.0	0.0	0.0	0.0	0.0	0.0	0.0	0.0
B*35:08	0.0	0.0	0.0	0.0	0.0	0.0	0.0	0.0	0.0	0.0	0.014285714285714285	0.0	0.008547008547008548	0.0	0.005747126436781609	0.0	0.017543859649122806	0.0	0.0	0.0	0.0	0.0	0.0	0.0	0.0	0.0	0.0	0.0	0.0	0.0
B*37:01	0.0	0.0	0.0	0.0	0.0	0.0	0.0	0.0	0.0	0.0	0.0	0.0	0.008547008547008548	0.0	0.017241379310344827	0.05	0.03508771929824561	0.042735042735042736	0.041237113402061855	0.022988505747126436	0.0	0.0	0.0	0.0	0.0	0.0	0.0	0.0	0.0	0.0
B*38:01	0.0	0.0	0.0	0.0	0.0	0.0	0.0	0.0	0.0	0.0	0.0	0.011695906432748537	0.0	0.0	0.011494252873563218	0.05	0.029239766081871343	0.008547008547008548	0.0	0.05747126436781609	0.0	0.0	0.0	0.0	0.0	0.0	0.0	0.0	0.0	0.0
B*38:02	0.0	0.0	0.0	0.0	0.0	0.0	0.0	0.0	0.0	0.0	0.0	0.0	0.0	0.0	0.0	0.014285714285714285	0.005847953216374269	0.008547008547008548	0.0	0.0	0.0	0.0	0.0	0.0	0.0	0.0	0.0	0.0	0.0	0.0
B*39:01	0.0	0.0	0.0	0.0	0.0	0.0	0.0	0.0	0.0	0.0	0.007142857142857143	0.011695906432748537	0.008547008547008548	0.010309278350515464	0.011494252873563218	0.03571428571428571	0.011695906432748537	0.008547008547008548	0.010309278350515464	0.028735632183908046	0.0	0.0	0.0	0.0	0.0	0.0	0.0	0.0	0.0	0.0
B*39:03	0.0	0.0	0.0	0.0	0.0	0.0	0.0	0.0	0.0	0.0	0.0	0.0	0.008547008547008548	0.0	0.0	0.0	0.0	0.0	0.0	0.0	0.0	0.0	0.0	0.0	0.0	0.0	0.0	0.0	0.0	0.0
B*39:05	0.0	0.0	0.0	0.0	0.0	0.0	0.0	0.0	0.0	0.0	0.0	0.005847953216374269	0.0	0.0	0.0	0.0	0.0	0.0	0.0	0.0	0.0	0.0	0.0	0.0	0.0	0.0	0.0	0.0	0.0	0.0
B*39:06	0.0	0.0	0.0	0.0	0.0	0.0	0.0	0.0	0.0	0.0	0.0	0.0	0.0	0.0	0.0	0.0	0.0	0.008547008547008548	0.010309278350515464	0.0	0.0	0.0	0.0	0.0	0.0	0.0	0.0	0.0	0.0	0.0
B*39:24	0.0	0.0	0.0	0.0	0.0	0.0	0.0	0.0	0.0	0.0	0.0	0.0	0.008547008547008548	0.0	0.0	0.0	0.0	0.0	0.0	0.0	0.0	0.0	0.0	0.0	0.0	0.0	0.0	0.0	0.0	0.0
B*40:01	0.0	0.0	0.0	0.0	0.0	0.0	0.0	0.0	0.0	0.0	0.05	0.005847953216374269	0.042735042735042736	0.010309278350515464	0.028735632183908046	0.1	0.05263157894736842	0.05128205128205128	0.10309278350515463	0.09195402298850575	0.0	0.0	0.0	0.0	0.0	0.0	0.0	0.0	0.0	0.0
B*40:02	0.0	0.0	0.0	0.0	0.0	0.0	0.0	0.0	0.0	0.0	0.02857142857142857	0.0	0.0	0.0	0.011494252873563218	0.02142857142857143	0.023391812865497075	0.017094017094017096	0.030927835051546393	0.034482758620689655	0.0	0.0	0.0	0.0	0.0	0.0	0.0	0.0	0.0	0.0
B*40:06	0.0	0.0	0.0	0.0	0.0	0.0	0.0	0.0	0.0	0.0	0.0	0.0	0.008547008547008548	0.0	0.0	0.0	0.005847953216374269	0.008547008547008548	0.0	0.0	0.0	0.0	0.0	0.0	0.0	0.0	0.0	0.0	0.0	0.0
B*41:01	0.0	0.0	0.0	0.0	0.0	0.0	0.0	0.0	0.0	0.0	0.007142857142857143	0.017543859649122806	0.0	0.010309278350515464	0.0	0.0	0.0	0.0	0.0	0.0	0.0	0.0	0.0	0.0	0.0	0.0	0.0	0.0	0.0	0.0
B*41:02	0.0	0.0	0.0	0.0	0.0	0.0	0.0	0.0	0.0	0.0	0.0	0.0	0.0	0.010309278350515464	0.0	0.0	0.0	0.0	0.010309278350515464	0.005747126436781609	0.0	0.0	0.0	0.0	0.0	0.0	0.0	0.0	0.0	0.0
B*41:03	0.0	0.0	0.0	0.0	0.0	0.0	0.0	0.0	0.0	0.0	0.0	0.0	0.0	0.0	0.0	0.007142857142857143	0.0	0.0	0.0	0.0	0.0	0.0	0.0	0.0	0.0	0.0	0.0	0.0	0.0	0.0
B*44:02	0.0	0.0	0.0	0.0	0.0	0.0	0.0	0.0	0.0	0.0	0.07142857142857142	0.18128654970760233	0.1282051282051282	0.08247422680412371	0.10919540229885058	0.04285714285714286	0.05847953216374269	0.02564102564102564	0.020618556701030927	0.022988505747126436	0.0	0.0	0.0	0.0	0.0	0.0	0.0	0.0	0.0	0.0
B*44:03	0.0	0.0	0.0	0.0	0.0	0.0	0.0	0.0	0.0	0.0	0.06428571428571428	0.06432748538011696	0.02564102564102564	0.041237113402061855	0.028735632183908046	0.007142857142857143	0.017543859649122806	0.0	0.0	0.005747126436781609	0.0	0.0	0.0	0.0	0.0	0.0	0.0	0.0	0.0	0.0
B*44:05	0.0	0.0	0.0	0.0	0.0	0.0	0.0	0.0	0.0	0.0	0.0	0.0	0.008547008547008548	0.0	0.0	0.0	0.0	0.008547008547008548	0.0	0.0	0.0	0.0	0.0	0.0	0.0	0.0	0.0	0.0	0.0	0.0
B*44:06	0.0	0.0	0.0	0.0	0.0	0.0	0.0	0.0	0.0	0.0	0.0	0.0	0.0	0.0	0.0	0.0	0.0	0.0	0.010309278350515464	0.0	0.0	0.0	0.0	0.0	0.0	0.0	0.0	0.0	0.0	0.0
B*44:09	0.0	0.0	0.0	0.0	0.0	0.0	0.0	0.0	0.0	0.0	0.0	0.0	0.0	0.0	0.005747126436781609	0.0	0.0	0.0	0.0	0.0	0.0	0.0	0.0	0.0	0.0	0.0	0.0	0.0	0.0	0.0
B*45:01	0.0	0.0	0.0	0.0	0.0	0.0	0.0	0.0	0.0	0.0	0.014285714285714285	0.017543859649122806	0.0	0.020618556701030927	0.0	0.007142857142857143	0.005847953216374269	0.0	0.0	0.0	0.0	0.0	0.0	0.0	0.0	0.0	0.0	0.0	0.0	0.0
B*46:01	0.0	0.0	0.0	0.0	0.0	0.0	0.0	0.0	0.0	0.0	0.014285714285714285	0.017543859649122806	0.0	0.010309278350515464	0.0	0.0	0.0	0.0	0.010309278350515464	0.0	0.0	0.0	0.0	0.0	0.0	0.0	0.0	0.0	0.0	0.0
B*47:01	0.0	0.0	0.0	0.0	0.0	0.0	0.0	0.0	0.0	0.0	0.0	0.0	0.0	0.0	0.005747126436781609	0.0	0.005847953216374269	0.008547008547008548	0.0	0.0	0.0	0.0	0.0	0.0	0.0	0.0	0.0	0.0	0.0	0.0
B*49:01	0.0	0.0	0.0	0.0	0.0	0.0	0.0	0.0	0.0	0.0	0.014285714285714285	0.04093567251461988	0.0	0.020618556701030927	0.022988505747126436	0.007142857142857143	0.017543859649122806	0.008547008547008548	0.020618556701030927	0.011494252873563218	0.0	0.0	0.0	0.0	0.0	0.0	0.0	0.0	0.0	0.0
B*50:01	0.0	0.0	0.0	0.0	0.0	0.0	0.0	0.0	0.0	0.0	0.007142857142857143	0.005847953216374269	0.017094017094017096	0.0	0.011494252873563218	0.0	0.029239766081871343	0.042735042735042736	0.0	0.028735632183908046	0.0	0.0	0.0	0.0	0.0	0.0	0.0	0.0	0.0	0.0
B*51:01	0.0	0.0	0.0	0.0	0.0	0.0	0.0	0.0	0.0	0.0	0.02857142857142857	0.03508771929824561	0.02564102564102564	0.041237113402061855	0.040229885057471264	0.03571428571428571	0.05847953216374269	0.1111111111111111	0.07216494845360824	0.05747126436781609	0.0	0.0	0.0	0.0	0.0	0.0	0.0	0.0	0.0	0.0
B*51:08	0.0	0.0	0.0	0.0	0.0	0.0	0.0	0.0	0.0	0.0	0.0	0.0	0.008547008547008548	0.0	0.0	0.0	0.0	0.008547008547008548	0.0	0.005747126436781609	0.0	0.0	0.0	0.0	0.0	0.0	0.0	0.0	0.0	0.0
B*52:01	0.0	0.0	0.0	0.0	0.0	0.0	0.0	0.0	0.0	0.0	0.014285714285714285	0.0	0.0	0.0	0.017241379310344827	0.007142857142857143	0.005847953216374269	0.017094017094017096	0.0	0.005747126436781609	0.0	0.0	0.0	0.0	0.0	0.0	0.0	0.0	0.0	0.0
B*53:01	0.0	0.0	0.0	0.0	0.0	0.0	0.0	0.0	0.0	0.0	0.007142857142857143	0.0	0.008547008547008548	0.010309278350515464	0.005747126436781609	0.007142857142857143	0.005847953216374269	0.008547008547008548	0.0	0.011494252873563218	0.0	0.0	0.0	0.0	0.0	0.0	0.0	0.0	0.0	0.0
B*54:01	0.0	0.0	0.0	0.0	0.0	0.0	0.0	0.0	0.0	0.0	0.0	0.005847953216374269	0.0	0.0	0.0	0.0	0.011695906432748537	0.008547008547008548	0.0	0.0	0.0	0.0	0.0	0.0	0.0	0.0	0.0	0.0	0.0	0.0
B*55:01	0.0	0.0	0.0	0.0	0.0	0.0	0.0	0.0	0.0	0.0	0.007142857142857143	0.0	0.0	0.010309278350515464	0.011494252873563218	0.007142857142857143	0.029239766081871343	0.017094017094017096	0.020618556701030927	0.022988505747126436	0.0	0.0	0.0	0.0	0.0	0.0	0.0	0.0	0.0	0.0
B*56:01	0.0	0.0	0.0	0.0	0.0	0.0	0.0	0.0	0.0	0.0	0.0	0.005847953216374269	0.008547008547008548	0.0	0.0	0.014285714285714285	0.005847953216374269	0.0	0.0	0.0	0.0	0.0	0.0	0.0	0.0	0.0	0.0	0.0	0.0	0.0
B*57:01	0.0	0.0	0.0	0.0	0.0	0.0	0.0	0.0	0.0	0.0	0.014285714285714285	0.03508771929824561	0.05128205128205128	0.020618556701030927	0.028735632183908046	0.007142857142857143	0.03508771929824561	0.0	0.010309278350515464	0.028735632183908046	0.0	0.0	0.0	0.0	0.0	0.0	0.0	0.0	0.0	0.0
B*57:03	0.0	0.0	0.0	0.0	0.0	0.0	0.0	0.0	0.0	0.0	0.007142857142857143	0.005847953216374269	0.0	0.0	0.0	0.0	0.0	0.0	0.0	0.0	0.0	0.0	0.0	0.0	0.0	0.0	0.0	0.0	0.0	0.0
B*58:01	0.0	0.0	0.0	0.0	0.0	0.0	0.0	0.0	0.0	0.0	0.02142857142857143	0.0	0.008547008547008548	0.020618556701030927	0.011494252873563218	0.007142857142857143	0.0	0.0	0.010309278350515464	0.005747126436781609	0.0	0.0	0.0	0.0	0.0	0.0	0.0	0.0	0.0	0.0
B*58:02	0.0	0.0	0.0	0.0	0.0	0.0	0.0	0.0	0.0	0.0	0.0	0.0	0.0	0.0	0.0	0.0	0.0	0.0	0.010309278350515464	0.0	0.0	0.0	0.0	0.0	0.0	0.0	0.0	0.0	0.0	0.0
B*73:01	0.0	0.0	0.0	0.0	0.0	0.0	0.0	0.0	0.0	0.0	0.0	0.0	0.0	0.0	0.005747126436781609	0.0	0.0	0.0	0.0	0.0	0.0	0.0	0.0	0.0	0.0	0.0	0.0	0.0	0.0	0.0
C*01:02	0.0	0.0	0.0	0.0	0.0	0.0	0.0	0.0	0.0	0.0	0.0	0.0	0.0	0.0	0.0	0.0	0.0	0.0	0.0	0.0	0.03571428571428571	0.07017543859649122	0.06837606837606838	0.041237113402061855	0.017241379310344827	0.014285714285714285	0.04678362573099415	0.03418803418803419	0.020618556701030927	0.011494252873563218
C*01:03	0.0	0.0	0.0	0.0	0.0	0.0	0.0	0.0	0.0	0.0	0.0	0.0	0.0	0.0	0.0	0.0	0.0	0.0	0.0	0.0	0.007142857142857143	0.0	0.0	0.0	0.0	0.0	0.0	0.0	0.0	0.0
C*02:02	0.0	0.0	0.0	0.0	0.0	0.0	0.0	0.0	0.0	0.0	0.0	0.0	0.0	0.0	0.0	0.0	0.0	0.0	0.0	0.0	0.03571428571428571	0.023391812865497075	0.05982905982905983	0.05154639175257732	0.07471264367816093	0.02857142857142857	0.023391812865497075	0.03418803418803419	0.010309278350515464	0.028735632183908046
C*02:10	0.0	0.0	0.0	0.0	0.0	0.0	0.0	0.0	0.0	0.0	0.0	0.0	0.0	0.0	0.0	0.0	0.0	0.0	0.0	0.0	0.0	0.0	0.008547008547008548	0.0	0.0	0.0	0.0	0.0	0.0	0.0
C*03:02	0.0	0.0	0.0	0.0	0.0	0.0	0.0	0.0	0.0	0.0	0.0	0.0	0.0	0.0	0.0	0.0	0.0	0.0	0.0	0.0	0.007142857142857143	0.0	0.0	0.030927835051546393	0.005747126436781609	0.007142857142857143	0.0	0.008547008547008548	0.0	0.0
C*03:03	0.0	0.0	0.0	0.0	0.0	0.0	0.0	0.0	0.0	0.0	0.0	0.0	0.0	0.0	0.0	0.0	0.0	0.0	0.0	0.0	0.1	0.0935672514619883	0.07692307692307693	0.061855670103092786	0.09770114942528736	0.014285714285714285	0.017543859649122806	0.02564102564102564	0.020618556701030927	0.022988505747126436
C*03:04	0.0	0.0	0.0	0.0	0.0	0.0	0.0	0.0	0.0	0.0	0.0	0.0	0.0	0.0	0.0	0.0	0.0	0.0	0.0	0.0	0.16428571428571428	0.0935672514619883	0.09401709401709402	0.061855670103092786	0.14367816091954022	0.03571428571428571	0.005847953216374269	0.03418803418803419	0.07216494845360824	0.040229885057471264
C*03:05	0.0	0.0	0.0	0.0	0.0	0.0	0.0	0.0	0.0	0.0	0.0	0.0	0.0	0.0	0.0	0.0	0.0	0.0	0.0	0.0	0.0	0.0	0.0	0.010309278350515464	0.0	0.0	0.0	0.0	0.0	0.0
C*03:14	0.0	0.0	0.0	0.0	0.0	0.0	0.0	0.0	0.0	0.0	0.0	0.0	0.0	0.0	0.0	0.0	0.0	0.0	0.0	0.0	0.0	0.0	0.0	0.0	0.0	0.0	0.0	0.0	0.0	0.005747126436781609
C*04:01	0.0	0.0	0.0	0.0	0.0	0.0	0.0	0.0	0.0	0.0	0.0	0.0	0.0	0.0	0.0	0.0	0.0	0.0	0.0	0.0	0.11428571428571428	0.06432748538011696	0.09401709401709402	0.061855670103092786	0.06896551724137931	0.11428571428571428	0.1695906432748538	0.21367521367521367	0.18556701030927836	0.11494252873563218
C*04:06	0.0	0.0	0.0	0.0	0.0	0.0	0.0	0.0	0.0	0.0	0.0	0.0	0.0	0.0	0.0	0.0	0.0	0.0	0.0	0.0	0.0	0.0	0.0	0.0	0.0	0.007142857142857143	0.0	0.0	0.0	0.0
C*05:01	0.0	0.0	0.0	0.0	0.0	0.0	0.0	0.0	0.0	0.0	0.0	0.0	0.0	0.0	0.0	0.0	0.0	0.0	0.0	0.0	0.05714285714285714	0.13450292397660818	0.09401709401709402	0.10309278350515463	0.07471264367816093	0.07857142857142857	0.08771929824561403	0.042735042735042736	0.020618556701030927	0.08045977011494253
C*06:02	0.0	0.0	0.0	0.0	0.0	0.0	0.0	0.0	0.0	0.0	0.0	0.0	0.0	0.0	0.0	0.0	0.0	0.0	0.0	0.0	0.07142857142857142	0.05263157894736842	0.07692307692307693	0.09278350515463918	0.040229885057471264	0.06428571428571428	0.1695906432748538	0.1452991452991453	0.08247422680412371	0.13793103448275862
C*06:53	0.0	0.0	0.0	0.0	0.0	0.0	0.0	0.0	0.0	0.0	0.0	0.0	0.0	0.0	0.0	0.0	0.0	0.0	0.0	0.0	0.0	0.0	0.008547008547008548	0.0	0.0	0.0	0.0	0.0	0.0	0.0
C*07:01	0.0	0.0	0.0	0.0	0.0	0.0	0.0	0.0	0.0	0.0	0.0	0.0	0.0	0.0	0.0	0.0	0.0	0.0	0.0	0.0	0.17142857142857143	0.21637426900584794	0.1623931623931624	0.17525773195876287	0.15517241379310345	0.17142857142857143	0.14035087719298245	0.13675213675213677	0.17525773195876287	0.22988505747126436
C*07:02	0.0	0.0	0.0	0.0	0.0	0.0	0.0	0.0	0.0	0.0	0.0	0.0	0.0	0.0	0.0	0.0	0.0	0.0	0.0	0.0	0.14285714285714285	0.15789473684210525	0.17094017094017094	0.2268041237113402	0.15517241379310345	0.05	0.05263157894736842	0.05982905982905983	0.061855670103092786	0.040229885057471264
C*07:04	0.0	0.0	0.0	0.0	0.0	0.0	0.0	0.0	0.0	0.0	0.0	0.0	0.0	0.0	0.0	0.0	0.0	0.0	0.0	0.0	0.014285714285714285	0.011695906432748537	0.03418803418803419	0.010309278350515464	0.017241379310344827	0.0	0.017543859649122806	0.0	0.020618556701030927	0.005747126436781609
C*07:06	0.0	0.0	0.0	0.0	0.0	0.0	0.0	0.0	0.0	0.0	0.0	0.0	0.0	0.0	0.0	0.0	0.0	0.0	0.0	0.0	0.007142857142857143	0.0	0.0	0.0	0.0	0.0	0.005847953216374269	0.0	0.0	0.005747126436781609
C*07:43	0.0	0.0	0.0	0.0	0.0	0.0	0.0	0.0	0.0	0.0	0.0	0.0	0.0	0.0	0.0	0.0	0.0	0.0	0.0	0.0	0.0	0.0	0.0	0.0	0.005747126436781609	0.0	0.0	0.0	0.0	0.0
C*08:01	0.0	0.0	0.0	0.0	0.0	0.0	0.0	0.0	0.0	0.0	0.0	0.0	0.0	0.0	0.0	0.0	0.0	0.0	0.0	0.0	0.0	0.0	0.0	0.0	0.005747126436781609	0.02142857142857143	0.0	0.02564102564102564	0.010309278350515464	0.005747126436781609
C*08:02	0.0	0.0	0.0	0.0	0.0	0.0	0.0	0.0	0.0	0.0	0.0	0.0	0.0	0.0	0.0	0.0	0.0	0.0	0.0	0.0	0.014285714285714285	0.017543859649122806	0.017094017094017096	0.010309278350515464	0.017241379310344827	0.11428571428571428	0.06432748538011696	0.03418803418803419	0.10309278350515463	0.04597701149425287
C*12:02	0.0	0.0	0.0	0.0	0.0	0.0	0.0	0.0	0.0	0.0	0.0	0.0	0.0	0.0	0.0	0.0	0.0	0.0	0.0	0.0	0.007142857142857143	0.0	0.008547008547008548	0.0	0.017241379310344827	0.014285714285714285	0.011695906432748537	0.02564102564102564	0.0	0.005747126436781609
C*12:03	0.0	0.0	0.0	0.0	0.0	0.0	0.0	0.0	0.0	0.0	0.0	0.0	0.0	0.0	0.0	0.0	0.0	0.0	0.0	0.0	0.03571428571428571	0.029239766081871343	0.0	0.010309278350515464	0.06321839080459771	0.11428571428571428	0.06432748538011696	0.05128205128205128	0.061855670103092786	0.09195402298850575
C*14:02	0.0	0.0	0.0	0.0	0.0	0.0	0.0	0.0	0.0	0.0	0.0	0.0	0.0	0.0	0.0	0.0	0.0	0.0	0.0	0.0	0.0	0.005847953216374269	0.0	0.0	0.0	0.03571428571428571	0.023391812865497075	0.03418803418803419	0.041237113402061855	0.040229885057471264
C*15:02	0.0	0.0	0.0	0.0	0.0	0.0	0.0	0.0	0.0	0.0	0.0	0.0	0.0	0.0	0.0	0.0	0.0	0.0	0.0	0.0	0.0	0.0	0.0	0.010309278350515464	0.0	0.007142857142857143	0.05263157894736842	0.02564102564102564	0.010309278350515464	0.040229885057471264
C*15:05	0.0	0.0	0.0	0.0	0.0	0.0	0.0	0.0	0.0	0.0	0.0	0.0	0.0	0.0	0.0	0.0	0.0	0.0	0.0	0.0	0.0	0.0	0.0	0.010309278350515464	0.0	0.0	0.0	0.0	0.020618556701030927	0.005747126436781609
C*15:06	0.0	0.0	0.0	0.0	0.0	0.0	0.0	0.0	0.0	0.0	0.0	0.0	0.0	0.0	0.0	0.0	0.0	0.0	0.0	0.0	0.0	0.0	0.0	0.0	0.0	0.0	0.0	0.008547008547008548	0.0	0.0
C*16:01	0.0	0.0	0.0	0.0	0.0	0.0	0.0	0.0	0.0	0.0	0.0	0.0	0.0	0.0	0.0	0.0	0.0	0.0	0.0	0.0	0.0	0.005847953216374269	0.008547008547008548	0.0	0.005747126436781609	0.06428571428571428	0.029239766081871343	0.02564102564102564	0.030927835051546393	0.005747126436781609
C*16:02	0.0	0.0	0.0	0.0	0.0	0.0	0.0	0.0	0.0	0.0	0.0	0.0	0.0	0.0	0.0	0.0	0.0	0.0	0.0	0.0	0.0	0.0	0.008547008547008548	0.0	0.0	0.014285714285714285	0.005847953216374269	0.02564102564102564	0.020618556701030927	0.005747126436781609
C*16:04	0.0	0.0	0.0	0.0	0.0	0.0	0.0	0.0	0.0	0.0	0.0	0.0	0.0	0.0	0.0	0.0	0.0	0.0	0.0	0.0	0.0	0.0	0.0	0.0	0.0	0.0	0.0	0.0	0.010309278350515464	0.0
C*17:01	0.0	0.0	0.0	0.0	0.0	0.0	0.0	0.0	0.0	0.0	0.0	0.0	0.0	0.0	0.0	0.0	0.0	0.0	0.0	0.0	0.007142857142857143	0.017543859649122806	0.0	0.020618556701030927	0.005747126436781609	0.02142857142857143	0.0	0.0	0.010309278350515464	0.0
C*18:01	0.0	0.0	0.0	0.0	0.0	0.0	0.0	0.0	0.0	0.0	0.0	0.0	0.0	0.0	0.0	0.0	0.0	0.0	0.0	0.0	0.0	0.0	0.0	0.0	0.0	0.0	0.005847953216374269	0.0	0.0	0.0
