	Clus1_C1	Clus2_C1	Clus3_C1	Clus4_C1	Clus5_C1	Clus1_C2	Clus2_C2	Clus3_C2	Clus4_C2	Clus5_C2
C*01:02	0.03571428571428571	0.07017543859649122	0.06837606837606838	0.041237113402061855	0.017241379310344827	0.014285714285714285	0.04678362573099415	0.03418803418803419	0.020618556701030927	0.011494252873563218
C*01:03	0.007142857142857143	0.0	0.0	0.0	0.0	0.0	0.0	0.0	0.0	0.0
C*02:02	0.03571428571428571	0.023391812865497075	0.05982905982905983	0.05154639175257732	0.07471264367816093	0.02857142857142857	0.023391812865497075	0.03418803418803419	0.010309278350515464	0.028735632183908046
C*02:10	0.0	0.0	0.008547008547008548	0.0	0.0	0.0	0.0	0.0	0.0	0.0
C*03:02	0.007142857142857143	0.0	0.0	0.030927835051546393	0.005747126436781609	0.007142857142857143	0.0	0.008547008547008548	0.0	0.0
C*03:03	0.1	0.0935672514619883	0.07692307692307693	0.061855670103092786	0.09770114942528736	0.014285714285714285	0.017543859649122806	0.02564102564102564	0.020618556701030927	0.022988505747126436
C*03:04	0.16428571428571428	0.0935672514619883	0.09401709401709402	0.061855670103092786	0.14367816091954022	0.03571428571428571	0.005847953216374269	0.03418803418803419	0.07216494845360824	0.040229885057471264
C*03:05	0.0	0.0	0.0	0.010309278350515464	0.0	0.0	0.0	0.0	0.0	0.0
C*03:14	0.0	0.0	0.0	0.0	0.0	0.0	0.0	0.0	0.0	0.005747126436781609
C*04:01	0.11428571428571428	0.06432748538011696	0.09401709401709402	0.061855670103092786	0.06896551724137931	0.11428571428571428	0.1695906432748538	0.21367521367521367	0.18556701030927836	0.11494252873563218
C*04:06	0.0	0.0	0.0	0.0	0.0	0.007142857142857143	0.0	0.0	0.0	0.0
C*05:01	0.05714285714285714	0.13450292397660818	0.09401709401709402	0.10309278350515463	0.07471264367816093	0.07857142857142857	0.08771929824561403	0.042735042735042736	0.020618556701030927	0.08045977011494253
C*06:02	0.07142857142857142	0.05263157894736842	0.07692307692307693	0.09278350515463918	0.040229885057471264	0.06428571428571428	0.1695906432748538	0.1452991452991453	0.08247422680412371	0.13793103448275862
C*06:53	0.0	0.0	0.008547008547008548	0.0	0.0	0.0	0.0	0.0	0.0	0.0
C*07:01	0.17142857142857143	0.21637426900584794	0.1623931623931624	0.17525773195876287	0.15517241379310345	0.17142857142857143	0.14035087719298245	0.13675213675213677	0.17525773195876287	0.22988505747126436
C*07:02	0.14285714285714285	0.15789473684210525	0.17094017094017094	0.2268041237113402	0.15517241379310345	0.05	0.05263157894736842	0.05982905982905983	0.061855670103092786	0.040229885057471264
C*07:04	0.014285714285714285	0.011695906432748537	0.03418803418803419	0.010309278350515464	0.017241379310344827	0.0	0.017543859649122806	0.0	0.020618556701030927	0.005747126436781609
C*07:06	0.007142857142857143	0.0	0.0	0.0	0.0	0.0	0.005847953216374269	0.0	0.0	0.005747126436781609
C*07:43	0.0	0.0	0.0	0.0	0.005747126436781609	0.0	0.0	0.0	0.0	0.0
C*08:01	0.0	0.0	0.0	0.0	0.005747126436781609	0.02142857142857143	0.0	0.02564102564102564	0.010309278350515464	0.005747126436781609
C*08:02	0.014285714285714285	0.017543859649122806	0.017094017094017096	0.010309278350515464	0.017241379310344827	0.11428571428571428	0.06432748538011696	0.03418803418803419	0.10309278350515463	0.04597701149425287
C*12:02	0.007142857142857143	0.0	0.008547008547008548	0.0	0.017241379310344827	0.014285714285714285	0.011695906432748537	0.02564102564102564	0.0	0.005747126436781609
C*12:03	0.03571428571428571	0.029239766081871343	0.0	0.010309278350515464	0.06321839080459771	0.11428571428571428	0.06432748538011696	0.05128205128205128	0.061855670103092786	0.09195402298850575
C*14:02	0.0	0.005847953216374269	0.0	0.0	0.0	0.03571428571428571	0.023391812865497075	0.03418803418803419	0.041237113402061855	0.040229885057471264
C*15:02	0.0	0.0	0.0	0.010309278350515464	0.0	0.007142857142857143	0.05263157894736842	0.02564102564102564	0.010309278350515464	0.040229885057471264
C*15:05	0.0	0.0	0.0	0.010309278350515464	0.0	0.0	0.0	0.0	0.020618556701030927	0.005747126436781609
C*15:06	0.0	0.0	0.0	0.0	0.0	0.0	0.0	0.008547008547008548	0.0	0.0
C*16:01	0.0	0.005847953216374269	0.008547008547008548	0.0	0.005747126436781609	0.06428571428571428	0.029239766081871343	0.02564102564102564	0.030927835051546393	0.005747126436781609
C*16:02	0.0	0.0	0.008547008547008548	0.0	0.0	0.014285714285714285	0.005847953216374269	0.02564102564102564	0.020618556701030927	0.005747126436781609
C*16:04	0.0	0.0	0.0	0.0	0.0	0.0	0.0	0.0	0.010309278350515464	0.0
C*17:01	0.007142857142857143	0.017543859649122806	0.0	0.020618556701030927	0.005747126436781609	0.02142857142857143	0.0	0.0	0.010309278350515464	0.0
C*18:01	0.0	0.0	0.0	0.0	0.0	0.0	0.005847953216374269	0.0	0.0	0.0
