Supplementary Table 8c: Consensus clustering - Marker selection with Fisher test											
Alteration	Cluster	fisher_p_withinCluster	fisher_q_withinCluster	a	b	c	d	a_expected		Legend	
SV:BCL6	1	1.54E-16	2.44E-14	34	18	22	210	10.253521		Alteration	ID of the Alteration
BCL10	1	1.88E-09	1.48E-07	14	42	2	234	3.068493		Cluster	Cluster membership
TNFAIP3	1	1.20E-06	6.33E-05	16	40	11	225	5.178082		fisher_p_withinCluster	
UBE2A	1	1.60E-06	6.33E-05	10	46	2	234	2.30137		fisher_q_withinCluster	
CD70	1	2.41E-06	7.61E-05	16	40	12	224	5.369863		a	Number of samples with alteration within Cluster
B2M	1	3.21E-05	7.25E-04	14	42	12	224	4.986301		b	Number of samples without alteration within Cluster
NOTCH2	1	3.11E-05	7.25E-04	12	44	8	228	3.835616		c	Number of samples with alteration outside Cluster
TMEM30A	1	2.11E-04	4.16E-03	10	46	7	229	3.260274		d	Number of samples without alteration outside Cluster
FAS	1	3.52E-04	5.56E-03	12	44	12	224	4.60274		a_expected	"Exspected number of ""a"" following the nul model"
5p:AMP	1	3.32E-04	5.56E-03	19	37	30	206	9.39726			
SV:TP63	1	1.56E-03	2.25E-02	6	46	3	229	1.647887			
ZEB2	1	2.45E-03	3.23E-02	8	48	7	229	2.876712			
5q:AMP	1	2.74E-03	3.34E-02	16	40	28	208	8.438356			
HLA-B	1	8.26E-03	8.70E-02	13	43	23	213	6.90411			
SPEN	1	8.04E-03	8.70E-02	12	44	20	216	6.136986			
SV:CD274/PDCD1LG2	1	9.19E-03	9.07E-02	7	45	8	224	2.746479			
DTX1	1	1.71E-02	1.59E-01	14	42	29	207	8.246575			
HLA-C	1	2.20E-02	1.83E-01	6	50	7	229	2.493151			
PTPN6	1	2.20E-02	1.83E-01	6	50	7	229	2.493151			
CIITA	1	2.54E-02	2.00E-01	5	51	5	231	1.917808			
HIST1H2BK	1	3.88E-02	2.92E-01	10	46	20	216	5.753425			
HIST2H2BE	1	5.05E-02	3.47E-01	8	48	15	221	4.410959			
SV:TBL1XR1	1	4.84E-02	3.47E-01	5	47	7	225	2.197183			
9p24.1:AMP	1	7.04E-02	4.64E-01	13	43	33	203	8.821918			
EBF1	1	8.75E-02	5.53E-01	10	46	24	212	6.520548			
ACTB	1	1.04E-01	6.08E-01	10	46	25	211	6.712329			
TLR2	1	1.03E-01	6.08E-01	4	52	6	230	1.917808			
PDE4DIP	1	1.12E-01	6.29E-01	9	47	22	214	5.945205			
IKZF3	1	1.80E-01	8.89E-01	4	52	8	228	2.30137			
LYN	1	1.80E-01	8.89E-01	4	52	8	228	2.30137			
3q28:DEL	1	1.80E-01	8.89E-01	7	49	18	218	4.794521			
6q23.3:DEL	1	1.77E-01	8.89E-01	12	44	36	200	9.205479			
1q:AMP	1	1.90E-01	9.08E-01	15	41	48	188	12.082192			
HIST1H2AM	1	2.10E-01	9.47E-01	7	49	19	217	4.986301			
13q:AMP	1	2.11E-01	9.47E-01	10	46	30	206	7.671233			
SV:CIITA	1	2.16E-01	9.47E-01	3	49	6	226	1.647887			
IGLL5	1	2.30E-01	9.57E-01	9	47	27	209	6.90411			
MYD88	1	2.26E-01	9.57E-01	13	43	42	194	10.547945			
BCL11A	1	7.50E-01	1	2	54	11	225	2.493151			
BCL2	1	1.00E+00	1	2	54	58	178	11.506849			
BCL6	1	7.08E-01	1	3	53	15	221	3.452055			
BRAF	1	9.85E-01	1	1	55	18	218	3.643836			
BTG1	1	7.34E-01	1	11	45	53	183	12.273973			
BTG2	1	3.68E-01	1	4	52	12	224	3.068493			
CARD11	1	9.26E-01	1	4	52	30	206	6.520548			
CCND3	1	7.88E-01	1	2	54	12	224	2.684932			
CD58	1	2.89E-01	1	5	51	14	222	3.643836			
CD79B	1	9.72E-01	1	5	51	42	194	9.013699			
CD83	1	7.44E-01	1	3	53	16	220	3.643836			
CREBBP	1	1.00E+00	1	2	54	51	185	10.164384			
DOCK1	1	5.24E-01	1	3	53	11	225	2.684932			
EEF1A1	1	4.65E-01	1	4	52	14	222	3.452055			
EP300	1	6.90E-01	1	5	51	24	212	5.561644			
ETS1	1	8.93E-01	1	2	54	16	220	3.452055			
ETV6	1	8.33E-01	1	3	53	19	217	4.219178			
EZH2	1	9.49E-01	1	2	54	20	216	4.219178			
GABRA2	1	2.96E-01	1	3	53	7	229	1.917808			
GNA13	1	9.14E-01	1	4	52	29	207	6.328767			
GNAI2	1	6.58E-01	1	2	54	9	227	2.109589			
GRHPR	1	1.00E+00	1	0	56	12	224	2.30137			
HIST1H1B	1	3.45E-01	1	7	49	23	213	5.753425			
HIST1H1C	1	6.42E-01	1	8	48	36	200	8.438356			
HIST1H1D	1	9.97E-01	1	1	55	25	211	4.986301			
HIST1H1E	1	9.68E-01	1	5	51	41	195	8.821918			
HIST1H2AC	1	9.10E-01	1	3	53	23	213	4.986301			
HIST1H2BC	1	3.40E-01	1	6	50	19	217	4.794521			
HIST1H3B	1	9.41E-01	1	1	55	12	224	2.493151			
HLA-A	1	3.40E-01	1	6	50	19	217	4.794521			
HVCN1	1	1.00E+00	1	0	56	10	226	1.917808			
IRF8	1	9.71E-01	1	2	54	23	213	4.794521			
KLHL6	1	9.84E-01	1	2	54	26	210	5.369863			
KMT2D	1	9.66E-01	1	10	46	67	169	14.767123			
LTB	1	3.40E-01	1	6	50	19	217	4.794521			
MAP2K1	1	9.26E-01	1	1	55	11	225	2.30137			
MEF2B	1	5.57E-01	1	4	52	16	220	3.835616			
NFKBIA	1	1.00E+00	1	0	56	15	221	2.876712			
NFKBIE	1	1.00E+00	1	0	56	10	226	1.917808			
NLRP8	1	3.55E-01	1	3	53	8	228	2.109589			
PIM1	1	9.91E-01	1	10	46	76	160	16.493151			
POU2AF1	1	4.13E-01	1	3	53	9	227	2.30137			
POU2F2	1	8.73E-01	1	2	54	15	221	3.260274			
PRDM1	1	3.01E-01	1	6	50	18	218	4.60274			
PRKCB	1	3.55E-01	1	3	53	8	228	2.109589			
PTEN	1	6.58E-01	1	2	54	9	227	2.109589			
RHOA	1	6.23E-01	1	3	53	13	223	3.068493			
SF3B1	1	1.00E+00	1	0	56	11	225	2.109589			
SGK1	1	8.28E-01	1	7	49	39	197	8.821918			
SIN3A	1	1.00E+00	1	0	56	12	224	2.30137			
STAT3	1	9.85E-01	1	1	55	18	218	3.643836			
STAT6	1	8.20E-01	1	2	54	13	223	2.876712			
TBL1XR1	1	6.78E-01	1	4	52	19	217	4.410959			
TMSB4X	1	5.49E-01	1	8	48	33	203	7.863014			
TNFRSF14	1	9.99E-01	1	2	54	41	195	8.246575			
TOX	1	9.26E-01	1	1	55	11	225	2.30137			
TP53	1	9.87E-01	1	7	49	58	178	12.465753			
ZC3H12A	1	1.00E+00	1	0	56	12	224	2.30137			
ZFP36L1	1	9.94E-01	1	2	54	31	205	6.328767			
11p:AMP	1	4.39E-01	1	11	45	42	194	10.164384			
11q:AMP	1	6.10E-01	1	11	45	48	188	11.315068			
11q23.3:AMP	1	8.85E-01	1	4	52	27	209	5.945205			
12p:AMP	1	7.48E-01	1	8	48	40	196	9.205479			
12p12.1:AMP	1	9.24E-01	1	3	53	24	212	5.178082			
12q:AMP	1	7.22E-01	1	10	46	48	188	11.123288			
13q31.3:AMP	1	9.81E-01	1	2	54	25	211	5.178082			
17q24.3:AMP	1	9.77E-01	1	5	51	43	193	9.205479			
18p:AMP	1	9.95E-01	1	7	49	64	172	13.616438			
18q:AMP	1	1.00E+00	1	8	48	88	148	18.410959			
18q21.33(BCL2):AMP	1	1	1	0	56	20	216	3.835616			
19q:AMP	1	9.86E-01	1	4	52	40	196	8.438356			
19q13.42:AMP	1	9.54E-01	1	3	53	27	209	5.753425			
1q23.3:AMP	1	9.84E-01	1	2	54	26	210	5.369863			
1q32.1:AMP	1	9.98E-01	1	1	55	26	210	5.178082			
21q:AMP	1	9.99E-01	1	3	53	45	191	9.205479			
2p16.1:AMP	1	9.95E-01	1	9	47	74	162	15.917808			
3p:AMP	1	9.04E-01	1	7	49	44	192	9.780822			
3q:AMP	1	8.03E-01	1	12	44	61	175	14			
3q28:AMP	1	1.00E+00	1	0	56	15	221	2.876712			
6p:AMP	1	4.97E-01	1	11	45	44	192	10.547945			
6p21.1:AMP	1	8.20E-01	1	2	54	13	223	2.876712			
7p:AMP	1	9.72E-01	1	13	43	83	153	18.410959			
7q:AMP	1	9.32E-01	1	13	43	76	160	17.068493			
7q22.1:AMP	1	8.49E-01	1	2	54	14	222	3.068493			
8q24.22:AMP	1	9.96E-01	1	6	50	59	177	12.465753			
9q:AMP	1	3.50E-01	1	9	47	31	205	7.671233			
10q23.31:DEL	1	9.84E-01	1	3	53	33	203	6.90411			
12p13.2:DEL	1	1.00E+00	1	1	55	34	202	6.712329			
13q14.2:DEL	1	9.95E-01	1	3	53	39	197	8.054795			
13q34:DEL	1	9.67E-01	1	4	52	35	201	7.479452			
14q32.31:DEL	1	9.31E-01	1	5	51	36	200	7.863014			
15q15.3:DEL	1	8.46E-01	1	11	45	59	177	13.424658			
16q12.1:DEL	1	8.80E-01	1	5	51	32	204	7.09589			
17p:DEL	1	1.00E+00	1	4	52	62	174	12.657534			
17p11.2:DEL	1	1.00E+00	1	0	56	12	224	2.30137			
17q25.1:DEL	1	9.26E-01	1	2	54	18	218	3.835616			
18q23:DEL	1	9.98E-01	1	2	54	36	200	7.287671			
19p13.2:DEL	1	9.81E-01	1	2	54	25	211	5.178082			
19p13.3:DEL	1	9.99E-01	1	2	54	40	196	8.054795			
19q13.32:DEL	1	1.00E+00	1	0	56	16	220	3.068493			
1p13.1:DEL	1	7.63E-01	1	7	49	36	200	8.246575			
1p31.1:DEL	1	9.68E-01	1	5	51	41	195	8.821918			
1p36.11:DEL	1	9.45E-01	1	6	50	43	193	9.39726			
1p36.32:DEL	1	7.14E-01	1	13	43	61	175	14.191781			
1q42.12:DEL	1	1.00E+00	1	0	56	25	211	4.794521			
2q22.2:DEL	1	7.50E-01	1	5	51	26	210	5.945205			
3p21.31:DEL	1	9.92E-01	1	6	50	55	181	11.69863			
4q21.22:DEL	1	1.00E+00	1	2	54	47	189	9.39726			
4q35.1:DEL	1	1.00E+00	1	2	54	43	193	8.630137			
6p21.33:DEL	1	4.15E-01	1	8	48	29	207	7.09589			
6q:DEL	1	3.77E-01	1	13	43	48	188	11.69863			
6q14.1:DEL	1	2.88E-01	1	9	47	29	207	7.287671			
6q14.3:DEL	1	5.41E-01	1	9	47	37	199	8.821918			
6q21:DEL	1	4.64E-01	1	12	44	47	189	11.315068			
8q12.1:DEL	1	9.37E-01	1	4	52	31	205	6.712329			
9p21.3:DEL	1	1.00E+00	1	2	54	45	191	9.013699			
9q21.13:DEL	1	9.98E-01	1	2	54	35	201	7.09589			
SV:BCL2	1	1.00E+00	1	1	51	60	172	11.169014			
SV:MYC	1	7.08E-01	1	4	48	21	211	4.577465			
SV:ETV6	1	6.39E-01	1	1	51	4	228	0.915493			
TP53	2	2.50E-14	3.94E-12	39	27	26	200	14.691781			
17p:DEL	2	4.89E-12	3.86E-10	37	29	29	197	14.917808			
21q:AMP	2	3.85E-11	2.03E-09	30	36	18	208	10.849315			
9p21.3:DEL	2	1.60E-10	6.33E-09	29	37	18	208	10.623288			
9q21.13:DEL	2	2.85E-10	9.00E-09	25	41	12	214	8.363014			
4q35.1:DEL	2	1.88E-08	4.96E-07	26	40	19	207	10.171233			
1p31.1:DEL	2	3.66E-08	7.41E-07	26	40	20	206	10.39726			
1p36.11:DEL	2	3.75E-08	7.41E-07	27	39	22	204	11.075342			
1p13.1:DEL	2	1.34E-06	2.11E-05	23	43	20	206	9.719178			
4q21.22:DEL	2	1.26E-06	2.11E-05	25	41	24	202	11.075342			
14q32.31:DEL	2	2.35E-06	3.37E-05	22	44	19	207	9.267123			
3p21.31:DEL	2	3.70E-06	4.88E-05	28	38	33	193	13.787671			
2p16.1:AMP	2	4.81E-06	5.85E-05	34	32	49	177	18.760274			
16q12.1:DEL	2	7.02E-06	7.93E-05	20	46	17	209	8.363014			
1p36.32:DEL	2	1.01E-05	1.07E-04	31	35	43	183	16.726027			
3q28:DEL	2	2.54E-05	2.51E-04	15	51	10	216	5.650685			
1q23.3:AMP	2	3.03E-05	2.82E-04	16	50	12	214	6.328767			
18q23:DEL	2	5.91E-05	5.19E-04	19	47	19	207	8.589041			
8q24.22:AMP	2	2.38E-04	1.98E-03	26	40	39	187	14.691781			
17q24.3:AMP	2	2.74E-04	2.17E-03	21	45	27	199	10.849315			
13q14.2:DEL	2	3.49E-04	2.51E-03	19	47	23	203	9.493151			
19p13.3:DEL	2	3.49E-04	2.51E-03	19	47	23	203	9.493151			
5q:AMP	2	7.49E-04	5.14E-03	19	47	25	201	9.945205			
11q:AMP	2	1.07E-03	7.03E-03	23	43	36	190	13.335616			
13q34:DEL	2	1.37E-03	8.68E-03	17	49	22	204	8.815068			
11p:AMP	2	1.51E-03	9.18E-03	21	45	32	194	11.979452			
13q31.3:AMP	2	1.89E-03	1.11E-02	13	53	14	212	6.10274			
6p:AMP	2	2.72E-03	1.48E-02	21	45	34	192	12.431507			
2q22.2:DEL	2	2.69E-03	1.48E-02	14	52	17	209	7.006849			
12p13.2:DEL	2	3.53E-03	1.86E-02	15	51	20	206	7.910959			
6q:DEL	2	5.05E-03	2.57E-02	22	44	39	187	13.787671			
19p13.2:DEL	2	6.81E-03	3.36E-02	12	54	15	211	6.10274			
3q28:AMP	2	7.64E-03	3.66E-02	8	58	7	219	3.390411			
11q23.3:AMP	2	8.74E-03	4.06E-02	13	53	18	208	7.006849			
5p:AMP	2	1.01E-02	4.54E-02	18	48	31	195	11.075342			
1q42.12:DEL	2	1.07E-02	4.58E-02	11	55	14	212	5.650685			
8q12.1:DEL	2	1.06E-02	4.58E-02	14	52	21	205	7.910959			
19q13.32:DEL	2	1.25E-02	5.20E-02	8	58	8	218	3.616438			
10q23.31:DEL	2	1.42E-02	5.74E-02	14	52	22	204	8.136986			
9p24.1:AMP	2	2.82E-02	1.12E-01	16	50	30	196	10.39726			
EP300	2	3.71E-02	1.43E-01	11	55	18	208	6.554795			
7q22.1:AMP	2	4.45E-02	1.67E-01	7	59	9	217	3.616438			
7q:AMP	2	5.25E-02	1.93E-01	26	40	63	163	20.116438			
12p12.1:AMP	2	5.52E-02	1.98E-01	10	56	17	209	6.10274			
6q14.3:DEL	2	6.09E-02	2.14E-01	15	51	31	195	10.39726			
15q15.3:DEL	2	6.48E-02	2.22E-01	21	45	49	177	15.821918			
6q21:DEL	2	7.58E-02	2.55E-01	18	48	41	185	13.335616			
7p:AMP	2	7.75E-02	2.55E-01	27	39	69	157	21.69863			
19q:AMP	2	8.50E-02	2.74E-01	14	52	30	196	9.945205			
17p11.2:DEL	2	1.08E-01	3.40E-01	5	61	7	219	2.712329			
1q32.1:AMP	2	1.25E-01	3.88E-01	9	57	18	208	6.10274			
PDE4DIP	2	1.30E-01	3.95E-01	10	56	21	205	7.006849			
18q21.33(BCL2):AMP	2	1.37E-01	4.10E-01	7	59	13	213	4.520548			
9q:AMP	2	1.58E-01	4.63E-01	12	54	28	198	9.041096			
NLRP8	2	2.20E-01	6.31E-01	4	62	7	219	2.486301			
ZEB2	2	2.33E-01	6.46E-01	5	61	10	216	3.390411			
6p21.1:AMP	2	2.33E-01	6.46E-01	5	61	10	216	3.390411			
13q:AMP	2	2.71E-01	7.37E-01	11	55	29	197	9.041096			
SIN3A	2	2.76E-01	7.39E-01	4	62	8	218	2.712329			
6p21.33:DEL	2	3.09E-01	7.99E-01	10	56	27	199	8.363014			
SV:ETV6	2	3.08E-01	7.99E-01	2	61	3	218	1.109155			
BCL11A	2	3.34E-01	8.51E-01	4	62	9	217	2.938356			
6q14.1:DEL	2	3.44E-01	8.62E-01	10	56	28	198	8.589041			
KMT2D	2	3.60E-01	8.74E-01	19	47	58	168	17.40411			
19q13.42:AMP	2	3.59E-01	8.74E-01	8	58	22	204	6.780822			
TLR2	2	4.02E-01	9.62E-01	3	63	7	219	2.260274			
ACTB	2	9.95E-01	1	3	63	32	194	7.910959			
B2M	2	9.91E-01	1	2	64	24	202	5.876712			
BCL10	2	1.00E+00	1	0	66	16	210	3.616438			
BCL2	2	8.56E-01	1	11	55	49	177	13.561644			
BCL6	2	6.12E-01	1	4	62	14	212	4.068493			
BRAF	2	6.59E-01	1	4	62	15	211	4.294521			
BTG1	2	9.98E-01	1	7	59	57	169	14.465753			
BTG2	2	9.12E-01	1	2	64	14	212	3.616438			
CARD11	2	9.99E-01	1	2	64	32	194	7.684932			
CCND3	2	8.66E-01	1	2	64	12	214	3.164384			
CD58	2	9.55E-01	1	2	64	17	209	4.294521			
CD70	2	9.99E-01	1	1	65	27	199	6.328767			
CD79B	2	9.98E-01	1	4	62	43	183	10.623288			
CD83	2	8.46E-01	1	3	63	16	210	4.294521			
CIITA	2	7.02E-01	1	2	64	8	218	2.260274			
CREBBP	2	8.15E-01	1	10	56	43	183	11.979452			
DOCK1	2	6.50E-01	1	3	63	11	215	3.164384			
DTX1	2	1.00E+00	1	1	65	42	184	9.719178			
EBF1	2	9.73E-01	1	4	62	30	196	7.684932			
EEF1A1	2	8.17E-01	1	3	63	15	211	4.068493			
ETS1	2	9.92E-01	1	1	65	17	209	4.068493			
ETV6	2	9.77E-01	1	2	64	20	206	4.972603			
EZH2	2	7.77E-01	1	4	62	18	208	4.972603			
FAS	2	9.86E-01	1	2	64	22	204	5.424658			
GABRA2	2	9.26E-01	1	1	65	9	217	2.260274			
GNA13	2	9.67E-01	1	4	62	29	197	7.458904			
GNAI2	2	1.00E+00	1	0	66	11	215	2.486301			
GRHPR	2	9.57E-01	1	1	65	11	215	2.712329			
HIST1H1B	2	9.83E-01	1	3	63	27	199	6.780822			
HIST1H1C	2	8.30E-01	1	8	58	36	190	9.945205			
HIST1H1D	2	9.60E-01	1	3	63	23	203	5.876712			
HIST1H1E	2	6.26E-01	1	10	56	36	190	10.39726			
HIST1H2AC	2	9.99E-01	1	1	65	25	201	5.876712			
HIST1H2AM	2	7.43E-01	1	5	61	21	205	5.876712			
HIST1H2BC	2	8.61E-01	1	4	62	21	205	5.650685			
HIST1H2BK	2	9.83E-01	1	3	63	27	199	6.780822			
HIST1H3B	2	9.67E-01	1	1	65	12	214	2.938356			
HIST2H2BE	2	9.98E-01	1	1	65	22	204	5.19863			
HLA-A	2	9.99E-01	1	1	65	24	202	5.650685			
HLA-B	2	1.00E+00	1	1	65	35	191	8.136986			
HLA-C	2	1	1	0	66	13	213	2.938356			
HVCN1	2	9.26E-01	1	1	65	9	217	2.260274			
IGLL5	2	9.46E-01	1	5	61	31	195	8.136986			
IKZF3	2	7.98E-01	1	2	64	10	216	2.712329			
IRF8	2	8.61E-01	1	4	62	21	205	5.650685			
KLHL6	2	9.17E-01	1	4	62	24	202	6.328767			
LTB	2	7.08E-01	1	5	61	20	206	5.650685			
LYN	2	7.98E-01	1	2	64	10	216	2.712329			
MAP2K1	2	9.57E-01	1	1	65	11	215	2.712329			
MEF2B	2	9.64E-01	1	2	64	18	208	4.520548			
MYD88	2	9.24E-01	1	9	57	46	180	12.431507			
NFKBIA	2	8.91E-01	1	2	64	13	213	3.390411			
NFKBIE	2	9.26E-01	1	1	65	9	217	2.260274			
NOTCH2	2	8.72E-01	1	3	63	17	209	4.520548			
PIM1	2	9.85E-01	1	13	53	73	153	19.438356			
POU2AF1	2	9.57E-01	1	1	65	11	215	2.712329			
POU2F2	2	7.83E-01	1	3	63	14	212	3.842466			
PRDM1	2	9.98E-01	1	1	65	23	203	5.424658			
PRKCB	2	7.54E-01	1	2	64	9	217	2.486301			
PTEN	2	1.00E+00	1	0	66	11	215	2.486301			
PTPN6	2	8.35E-01	1	2	64	11	215	2.938356			
RHOA	2	9.85E-01	1	1	65	15	211	3.616438			
SF3B1	2	1.00E+00	1	0	66	11	215	2.486301			
SGK1	2	9.75E-01	1	6	60	40	186	10.39726			
SPEN	2	4.40E-01	1	8	58	24	202	7.232877			
STAT3	2	6.59E-01	1	4	62	15	211	4.294521			
STAT6	2	6.99E-01	1	3	63	12	214	3.390411			
TBL1XR1	2	9.98E-01	1	1	65	22	204	5.19863			
TMEM30A	2	9.89E-01	1	1	65	16	210	3.842466			
TMSB4X	2	8.69E-01	1	7	59	34	192	9.267123			
TNFAIP3	2	9.93E-01	1	2	64	25	201	6.10274			
TNFRSF14	2	5.24E-01	1	10	56	33	193	9.719178			
TOX	2	9.57E-01	1	1	65	11	215	2.712329			
UBE2A	2	1.00E+00	1	0	66	12	214	2.712329			
ZC3H12A	2	9.57E-01	1	1	65	11	215	2.712329			
ZFP36L1	2	9.67E-01	1	4	62	29	197	7.458904			
12p:AMP	2	5.43E-01	1	11	55	37	189	10.849315			
12q:AMP	2	7.09E-01	1	12	54	46	180	13.109589			
18p:AMP	2	4.36E-01	1	17	49	54	172	16.047945			
18q:AMP	2	5.20E-01	1	22	44	74	152	21.69863			
1q:AMP	2	5.93E-01	1	14	52	49	177	14.239726			
3p:AMP	2	9.35E-01	1	8	58	43	183	11.527397			
3q:AMP	2	9.04E-01	1	13	53	60	166	16.5			
17q25.1:DEL	2	4.87E-01	1	5	61	15	211	4.520548			
6q23.3:DEL	2	5.43E-01	1	11	55	37	189	10.849315			
SV:TP63	2	1	1	0	63	9	212	1.996479			
SV:BCL2	2	4.97E-01	1	14	49	47	174	13.53169			
SV:BCL6	2	9.66E-01	1	8	55	48	173	12.422535			
SV:MYC	2	8.50E-01	1	4	59	21	200	5.545775			
SV:CD274/PDCD1LG2	2	4.35E-01	1	4	59	11	210	3.327465			
SV:TBL1XR1	2	7.88E-01	1	2	61	10	211	2.661972			
SV:CIITA	2	6.31E-01	1	2	61	7	214	1.996479			
BCL2	3	1.22E-20	1.92E-18	39	16	21	216	11.30137			
SV:BCL2	3	9.55E-20	7.54E-18	39	16	22	207	11.81338			
CREBBP	3	2.65E-11	1.40E-09	29	26	24	213	9.982877			
EZH2	3	1.54E-06	6.07E-05	14	41	8	229	4.143836			
KMT2D	3	2.80E-06	8.86E-05	29	26	48	189	14.503425			
TNFRSF14	3	1.14E-04	3.01E-03	18	37	25	212	8.099315			
HVCN1	3	4.52E-04	9.41E-03	7	48	3	234	1.883562			
IRF8	3	4.76E-04	9.41E-03	12	43	13	224	4.708904			
GNA13	3	2.77E-03	4.86E-02	13	42	20	217	6.215753			
MEF2B	3	4.93E-03	7.80E-02	9	46	11	226	3.767123			
PTEN	3	7.41E-03	9.76E-02	6	49	5	232	2.071918			
10q23.31:DEL	3	6.94E-03	9.76E-02	13	42	23	214	6.780822			
3q28:AMP	3	1.09E-02	1.33E-01	7	48	8	229	2.825342			
POU2F2	3	2.40E-02	2.71E-01	7	48	10	227	3.202055			
13q14.2:DEL	3	2.94E-02	3.09E-01	13	42	29	208	7.910959			
SV:MYC	3	3.20E-02	3.16E-01	9	46	16	213	4.841549			
GNAI2	3	3.69E-02	3.43E-01	5	50	6	231	2.071918			
POU2AF1	3	5.42E-02	4.76E-01	5	50	7	230	2.260274			
CCND3	3	1.01E-01	7.61E-01	5	50	9	228	2.636986			
12q:AMP	3	9.24E-02	7.61E-01	15	40	43	194	10.924658			
2p16.1:AMP	3	1.01E-01	7.61E-01	20	35	63	174	15.633562			
1q32.1:AMP	3	1.09E-01	7.84E-01	8	47	19	218	5.085616			
HIST2H2BE	3	1.17E-01	8.03E-01	7	48	16	221	4.332192			
SF3B1	3	1.32E-01	8.04E-01	4	51	7	230	2.071918			
STAT6	3	1.30E-01	8.04E-01	5	50	10	227	2.825342			
6p21.1:AMP	3	1.30E-01	8.04E-01	5	50	10	227	2.825342			
18q23:DEL	3	1.49E-01	8.71E-01	10	45	28	209	7.157534			
CARD11	3	1.63E-01	8.89E-01	9	46	25	212	6.40411			
12p:AMP	3	1.60E-01	8.89E-01	12	43	36	201	9.041096			
MAP2K1	3	1.71E-01	9.02E-01	4	51	8	229	2.260274			
1p36.32:DEL	3	1.88E-01	9.58E-01	17	38	57	180	13.938356			
ACTB	3	6.82E-01	1	6	49	29	208	6.592466			
B2M	3	9.74E-01	1	2	53	24	213	4.89726			
BCL10	3	9.68E-01	1	1	54	15	222	3.013699			
BCL11A	3	4.57E-01	1	3	52	10	227	2.44863			
BCL6	3	4.50E-01	1	4	51	14	223	3.390411			
BRAF	3	9.05E-01	1	2	53	17	220	3.578767			
BTG1	3	7.08E-01	1	11	44	53	184	12.054795			
BTG2	3	1.00E+00	1	0	55	16	221	3.013699			
CD58	3	9.84E-01	1	1	54	18	219	3.578767			
CD70	3	9.83E-01	1	2	53	26	211	5.273973			
CD79B	3	9.98E-01	1	3	52	44	193	8.85274			
CD83	3	1.00E+00	1	0	55	19	218	3.578767			
CIITA	3	8.80E-01	1	1	54	9	228	1.883562			
DOCK1	3	9.50E-01	1	1	54	13	224	2.636986			
DTX1	3	8.66E-01	1	6	49	37	200	8.099315			
EBF1	3	4.67E-01	1	7	48	27	210	6.40411			
EEF1A1	3	8.87E-01	1	2	53	16	221	3.390411			
EP300	3	4.75E-01	1	6	49	23	214	5.462329			
ETS1	3	9.79E-01	1	1	54	17	220	3.390411			
ETV6	3	1.00E+00	1	0	55	22	215	4.143836			
FAS	3	9.62E-01	1	2	53	22	215	4.520548			
GABRA2	3	2.86E-01	1	3	52	7	230	1.883562			
GRHPR	3	1.00E+00	1	0	55	12	225	2.260274			
HIST1H1B	3	9.88E-01	1	2	53	28	209	5.650685			
HIST1H1C	3	9.50E-01	1	5	50	39	198	8.287671			
HIST1H1D	3	5.65E-01	1	5	50	21	216	4.89726			
HIST1H1E	3	9.63E-01	1	5	50	41	196	8.664384			
HIST1H2AC	3	5.65E-01	1	5	50	21	216	4.89726			
HIST1H2AM	3	9.03E-01	1	3	52	23	214	4.89726			
HIST1H2BC	3	9.96E-01	1	1	54	24	213	4.708904			
HIST1H2BK	3	9.49E-01	1	3	52	27	210	5.650685			
HIST1H3B	3	7.40E-01	1	2	53	11	226	2.44863			
HLA-A	3	8.86E-01	1	3	52	22	215	4.708904			
HLA-B	3	9.82E-01	1	3	52	33	204	6.780822			
HLA-C	3	1	1	0	55	13	224	2.44863			
IGLL5	3	9.97E-01	1	2	53	34	203	6.780822			
IKZF3	3	9.23E-01	1	1	54	11	226	2.260274			
KLHL6	3	9.98E-01	1	1	54	27	210	5.273973			
LTB	3	9.69E-01	1	2	53	23	214	4.708904			
LYN	3	9.23E-01	1	1	54	11	226	2.260274			
MYD88	3	1.00E+00	1	2	53	53	184	10.359589			
NFKBIA	3	5.62E-01	1	3	52	12	225	2.825342			
NFKBIE	3	1.00E+00	1	0	55	10	227	1.883562			
NLRP8	3	6.47E-01	1	2	53	9	228	2.071918			
NOTCH2	3	7.65E-01	1	3	52	17	220	3.767123			
PDE4DIP	3	8.76E-01	1	4	51	27	210	5.839041			
PIM1	3	9.88E-01	1	10	45	76	161	16.19863			
PRDM1	3	6.98E-01	1	4	51	20	217	4.520548			
PRKCB	3	9.04E-01	1	1	54	10	227	2.071918			
PTPN6	3	1	1	0	55	13	224	2.44863			
RHOA	3	6.09E-01	1	3	52	13	224	3.013699			
SGK1	3	3.56E-01	1	10	45	36	201	8.664384			
SIN3A	3	6.96E-01	1	2	53	10	227	2.260274			
SPEN	3	8.92E-01	1	4	51	28	209	6.027397			
STAT3	3	7.32E-01	1	3	52	16	221	3.578767			
TBL1XR1	3	8.47E-01	1	3	52	20	217	4.332192			
TLR2	3	2.86E-01	1	3	52	7	230	1.883562			
TMEM30A	3	6.54E-01	1	3	52	14	223	3.202055			
TMSB4X	3	9.73E-01	1	4	51	37	200	7.722603			
TNFAIP3	3	6.03E-01	1	5	50	22	215	5.085616			
TOX	3	4.01E-01	1	3	52	9	228	2.260274			
TP53	3	9.95E-01	1	6	49	59	178	12.243151			
UBE2A	3	1.00E+00	1	0	55	12	225	2.260274			
ZC3H12A	3	1.00E+00	1	0	55	12	225	2.260274			
ZEB2	3	1.00E+00	1	0	55	15	222	2.825342			
ZFP36L1	3	9.06E-01	1	4	51	29	208	6.215753			
11p:AMP	3	9.97E-01	1	4	51	49	188	9.982877			
11q:AMP	3	9.96E-01	1	5	50	54	183	11.113014			
11q23.3:AMP	3	9.99E-01	1	1	54	30	207	5.839041			
12p12.1:AMP	3	7.89E-01	1	4	51	23	214	5.085616			
13q:AMP	3	9.68E-01	1	4	51	36	201	7.534247			
13q31.3:AMP	3	3.99E-01	1	6	49	21	216	5.085616			
17q24.3:AMP	3	8.48E-01	1	7	48	41	196	9.041096			
18p:AMP	3	7.40E-01	1	12	43	59	178	13.373288			
18q:AMP	3	9.84E-01	1	12	43	84	153	18.082192			
18q21.33(BCL2):AMP	3	3.17E-01	1	5	50	15	222	3.767123			
19q:AMP	3	9.96E-01	1	3	52	41	196	8.287671			
19q13.42:AMP	3	9.88E-01	1	2	53	28	209	5.650685			
1q:AMP	3	8.92E-01	1	9	46	54	183	11.866438			
1q23.3:AMP	3	6.38E-01	1	5	50	23	214	5.273973			
21q:AMP	3	9.73E-01	1	5	50	43	194	9.041096			
3p:AMP	3	1.00E+00	1	2	53	49	188	9.606164			
3q:AMP	3	1.00E+00	1	3	52	70	167	13.75			
5p:AMP	3	7.51E-01	1	8	47	41	196	9.229452			
5q:AMP	3	8.81E-01	1	6	49	38	199	8.287671			
6p:AMP	3	7.58E-01	1	9	46	46	191	10.359589			
7p:AMP	3	3.23E-01	1	20	35	76	161	18.082192			
7q:AMP	3	4.01E-01	1	18	37	71	166	16.763699			
7q22.1:AMP	3	8.41E-01	1	2	53	14	223	3.013699			
8q24.22:AMP	3	4.55E-01	1	13	42	52	185	12.243151			
9p24.1:AMP	3	1.00E+00	1	2	53	44	193	8.664384			
9q:AMP	3	9.68E-01	1	4	51	36	201	7.534247			
12p13.2:DEL	3	3.27E-01	1	8	47	27	210	6.592466			
13q34:DEL	3	2.97E-01	1	9	46	30	207	7.34589			
14q32.31:DEL	3	9.93E-01	1	3	52	38	199	7.722603			
15q15.3:DEL	3	5.88E-01	1	13	42	57	180	13.184932			
16q12.1:DEL	3	7.39E-01	1	6	49	31	206	6.969178			
17p:DEL	3	9.24E-01	1	9	46	57	180	12.431507			
17p11.2:DEL	3	9.23E-01	1	1	54	11	226	2.260274			
17q25.1:DEL	3	9.87E-01	1	1	54	19	218	3.767123			
19p13.2:DEL	3	1.00E+00	1	0	55	27	210	5.085616			
19p13.3:DEL	3	9.77E-01	1	4	51	38	199	7.910959			
19q13.32:DEL	3	9.68E-01	1	1	54	15	222	3.013699			
1p13.1:DEL	3	9.81E-01	1	4	51	39	198	8.099315			
1p31.1:DEL	3	9.97E-01	1	3	52	43	194	8.664384			
1p36.11:DEL	3	8.64E-01	1	7	48	42	195	9.229452			
1q42.12:DEL	3	8.86E-01	1	3	52	22	215	4.708904			
2q22.2:DEL	3	9.90E-01	1	2	53	29	208	5.839041			
3p21.31:DEL	3	4.89E-01	1	12	43	49	188	11.489726			
3q28:DEL	3	9.96E-01	1	1	54	24	213	4.708904			
4q21.22:DEL	3	7.51E-01	1	8	47	41	196	9.229452			
4q35.1:DEL	3	9.57E-01	1	5	50	40	197	8.476027			
6p21.33:DEL	3	9.49E-01	1	4	51	33	204	6.969178			
6q:DEL	3	6.35E-01	1	11	44	50	187	11.489726			
6q14.1:DEL	3	7.64E-01	1	6	49	32	205	7.157534			
6q14.3:DEL	3	9.08E-01	1	6	49	40	197	8.664384			
6q21:DEL	3	9.62E-01	1	7	48	52	185	11.113014			
6q23.3:DEL	3	4.16E-01	1	10	45	38	199	9.041096			
8q12.1:DEL	3	8.32E-01	1	5	50	30	207	6.592466			
9p21.3:DEL	3	9.19E-01	1	6	49	41	196	8.85274			
9q21.13:DEL	3	9.85E-01	1	3	52	34	203	6.969178			
SV:TP63	3	8.60E-01	1	1	54	8	221	1.742958			
SV:BCL6	3	1.00E+00	1	2	53	54	175	10.84507			
SV:CD274/PDCD1LG2	3	1.00E+00	1	0	55	15	214	2.90493			
SV:TBL1XR1	3	4.20E-01	1	3	52	9	220	2.323944			
SV:CIITA	3	1.00E+00	1	0	55	9	220	1.742958			
SV:ETV6	3	1.00E+00	1	0	55	5	224	0.96831			
SGK1	4	1.63E-08	2.57E-06	23	28	23	218	8.034247			
HIST1H1E	4	7.77E-07	4.09E-05	21	30	25	216	8.034247			
NFKBIE	4	7.02E-07	4.09E-05	9	42	1	240	1.746575			
BRAF	4	4.75E-06	1.50E-04	12	39	7	234	3.318493			
CD83	4	4.75E-06	1.50E-04	12	39	7	234	3.318493			
NFKBIA	4	1.77E-05	4.67E-04	10	41	5	236	2.619863			
CD58	4	4.28E-05	7.51E-04	11	40	8	233	3.318493			
HIST1H2BC	4	3.47E-05	7.51E-04	13	38	12	229	4.366438			
STAT3	4	4.28E-05	7.51E-04	11	40	8	233	3.318493			
HIST1H1C	4	4.94E-05	7.81E-04	18	33	26	215	7.684932			
ZFP36L1	4	5.92E-05	8.50E-04	15	36	18	223	5.763699			
KLHL6	4	1.64E-04	2.16E-03	13	38	15	226	4.890411			
HIST1H1D	4	3.39E-04	4.12E-03	12	39	14	227	4.541096			
HIST1H1B	4	3.96E-04	4.47E-03	13	38	17	224	5.239726			
ETS1	4	1.07E-03	1.13E-02	9	42	9	232	3.143836			
TOX	4	1.33E-03	1.31E-02	7	44	5	236	2.09589			
HIST1H2AM	4	1.60E-03	1.49E-02	11	40	15	226	4.541096			
HIST1H2BK	4	1.72E-03	1.51E-02	12	39	18	223	5.239726			
RHOA	4	2.16E-03	1.79E-02	8	43	8	233	2.794521			
ACTB	4	2.40E-03	1.90E-02	13	38	22	219	6.113014			
LTB	4	4.56E-03	3.43E-02	10	41	15	226	4.366438			
SF3B1	4	4.94E-03	3.54E-02	6	45	5	236	1.921233			
CARD11	4	6.11E-03	4.20E-02	12	39	22	219	5.938356			
HIST1H2AC	4	6.40E-03	4.21E-02	10	41	16	225	4.541096			
DTX1	4	1.88E-02	1.10E-01	13	38	30	211	7.510274			
EBF1	4	1.86E-02	1.10E-01	11	40	23	218	5.938356			
TNFRSF14	4	1.88E-02	1.10E-01	13	38	30	211	7.510274			
CD70	4	3.55E-02	1.98E-01	9	42	19	222	4.890411			
FAS	4	3.84E-02	1.98E-01	8	43	16	225	4.191781			
GNA13	4	4.01E-02	1.98E-01	10	41	23	218	5.763699			
MAP2K1	4	4.01E-02	1.98E-01	5	46	7	234	2.09589			
SIN3A	4	4.01E-02	1.98E-01	5	46	7	234	2.09589			
BTG2	4	4.16E-02	1.99E-01	6	45	10	231	2.794521			
EEF1A1	4	7.24E-02	3.37E-01	6	45	12	229	3.143836			
DOCK1	4	7.65E-02	3.46E-01	5	46	9	232	2.445205			
HIST2H2BE	4	8.32E-02	3.65E-01	7	44	16	225	4.017123			
1q:AMP	4	9.73E-02	4.16E-01	15	36	48	193	11.003425			
PIM1	4	1.21E-01	5.01E-01	19	32	67	174	15.020548			
IGLL5	4	1.50E-01	6.07E-01	9	42	27	214	6.287671			
HIST1H3B	4	1.75E-01	6.74E-01	4	47	9	232	2.270548			
PTPN6	4	1.75E-01	6.74E-01	4	47	9	232	2.270548			
12p:AMP	4	1.87E-01	6.89E-01	11	40	37	204	8.383562			
7p:AMP	4	1.84E-01	6.89E-01	20	31	76	165	16.767123			
2p16.1:AMP	4	2.44E-01	8.77E-01	17	34	66	175	14.496575			
B2M	4	2.90E-01	9.65E-01	6	45	20	221	4.541096			
BTG1	4	3.05E-01	9.65E-01	13	38	51	190	11.178082			
GNAI2	4	2.98E-01	9.65E-01	3	48	8	233	1.921233			
11p:AMP	4	3.02E-01	9.65E-01	11	40	42	199	9.256849			
12q:AMP	4	2.92E-01	9.65E-01	12	39	46	195	10.130137			
7q22.1:AMP	4	2.99E-01	9.65E-01	4	47	12	229	2.794521			
11q:AMP	4	3.16E-01	9.80E-01	12	39	47	194	10.304795			
BCL10	4	9.58E-01	1	1	50	15	226	2.794521			
BCL11A	4	1	1	0	51	13	228	2.270548			
BCL2	4	9.92E-01	1	5	46	55	186	10.479452			
BCL6	4	6.39E-01	1	3	48	15	226	3.143836			
CCND3	4	7.37E-01	1	2	49	12	229	2.445205			
CD79B	4	9.47E-01	1	5	46	42	199	8.208904			
CIITA	4	5.46E-01	1	2	49	8	233	1.746575			
CREBBP	4	9.77E-01	1	5	46	48	193	9.256849			
EP300	4	9.15E-01	1	3	48	26	215	5.065068			
ETV6	4	9.88E-01	1	1	50	21	220	3.842466			
EZH2	4	9.25E-01	1	2	49	20	221	3.842466			
GABRA2	4	8.58E-01	1	1	50	9	232	1.746575			
GRHPR	4	3.51E-01	1	3	48	9	232	2.09589			
HLA-A	4	8.49E-01	1	3	48	22	219	4.366438			
HLA-B	4	6.31E-01	1	6	45	30	211	6.287671			
HLA-C	4	9.22E-01	1	1	50	12	229	2.270548			
HVCN1	4	5.46E-01	1	2	49	8	233	1.746575			
IKZF3	4	3.51E-01	1	3	48	9	232	2.09589			
IRF8	4	4.51E-01	1	5	46	20	221	4.366438			
KMT2D	4	9.98E-01	1	6	45	71	170	13.44863			
LYN	4	3.51E-01	1	3	48	9	232	2.09589			
MEF2B	4	8.96E-01	1	2	49	18	223	3.493151			
MYD88	4	9.99E-01	1	3	48	52	189	9.606164			
NLRP8	4	8.84E-01	1	1	50	10	231	1.921233			
NOTCH2	4	9.81E-01	1	1	50	19	222	3.493151			
PDE4DIP	4	4.66E-01	1	6	45	25	216	5.414384			
POU2AF1	4	9.05E-01	1	1	50	11	230	2.09589			
POU2F2	4	8.32E-01	1	2	49	15	226	2.969178			
PRDM1	4	9.47E-01	1	2	49	22	219	4.191781			
PRKCB	4	8.84E-01	1	1	50	10	231	1.921233			
PTEN	4	8.84E-01	1	1	50	10	231	1.921233			
SPEN	4	9.87E-01	1	2	49	30	211	5.589041			
STAT6	4	7.73E-01	1	2	49	13	228	2.619863			
TBL1XR1	4	9.37E-01	1	2	49	21	220	4.017123			
TLR2	4	1	1	0	51	10	231	1.746575			
TMEM30A	4	8.32E-01	1	2	49	15	226	2.969178			
TMSB4X	4	4.27E-01	1	8	43	33	208	7.160959			
TNFAIP3	4	7.31E-01	1	4	47	23	218	4.715753			
TP53	4	9.97E-01	1	5	46	60	181	11.35274			
UBE2A	4	9.05E-01	1	1	50	11	230	2.09589			
ZC3H12A	4	3.51E-01	1	3	48	9	232	2.09589			
ZEB2	4	7.73E-01	1	2	49	13	228	2.619863			
11q23.3:AMP	4	9.37E-01	1	3	48	28	213	5.414384			
12p12.1:AMP	4	8.86E-01	1	3	48	24	217	4.715753			
13q:AMP	4	9.97E-01	1	2	49	38	203	6.986301			
13q31.3:AMP	4	9.68E-01	1	2	49	25	216	4.715753			
17q24.3:AMP	4	8.88E-01	1	6	45	42	199	8.383562			
18p:AMP	4	1.00E+00	1	4	47	67	174	12.400685			
18q:AMP	4	1.00E+00	1	7	44	89	152	16.767123			
18q21.33(BCL2):AMP	4	8.96E-01	1	2	49	18	223	3.493151			
19q:AMP	4	9.21E-01	1	5	46	39	202	7.684932			
19q13.42:AMP	4	9.82E-01	1	2	49	28	213	5.239726			
1q23.3:AMP	4	7.59E-01	1	4	47	24	217	4.890411			
1q32.1:AMP	4	5.26E-01	1	5	46	22	219	4.715753			
21q:AMP	4	4.69E-01	1	9	42	39	202	8.383562			
3p:AMP	4	9.91E-01	1	4	47	47	194	8.907534			
3q:AMP	4	9.99E-01	1	5	46	68	173	12.75			
3q28:AMP	4	1.00E+00	1	0	51	15	226	2.619863			
5p:AMP	4	9.87E-01	1	4	47	45	196	8.558219			
5q:AMP	4	9.93E-01	1	3	48	41	200	7.684932			
6p:AMP	4	1.00E+00	1	2	49	53	188	9.606164			
6p21.1:AMP	4	7.73E-01	1	2	49	13	228	2.619863			
7q:AMP	4	3.70E-01	1	17	34	72	169	15.544521			
8q24.22:AMP	4	9.27E-01	1	8	43	57	184	11.35274			
9p24.1:AMP	4	9.79E-01	1	4	47	42	199	8.034247			
9q:AMP	4	8.70E-01	1	5	46	35	206	6.986301			
10q23.31:DEL	4	9.11E-01	1	4	47	32	209	6.287671			
12p13.2:DEL	4	9.66E-01	1	3	48	32	209	6.113014			
13q14.2:DEL	4	9.90E-01	1	3	48	39	202	7.335616			
13q34:DEL	4	9.41E-01	1	4	47	35	206	6.811644			
14q32.31:DEL	4	9.56E-01	1	4	47	37	204	7.160959			
15q15.3:DEL	4	9.14E-01	1	9	42	61	180	12.226027			
16q12.1:DEL	4	9.76E-01	1	3	48	34	207	6.462329			
17p:DEL	4	9.90E-01	1	6	45	60	181	11.527397			
17p11.2:DEL	4	9.05E-01	1	1	50	11	230	2.09589			
17q25.1:DEL	4	1.00E+00	1	0	51	20	221	3.493151			
18q23:DEL	4	6.89E-01	1	6	45	32	209	6.636986			
19p13.2:DEL	4	1.00E+00	1	0	51	27	214	4.715753			
19p13.3:DEL	4	9.62E-01	1	4	47	38	203	7.335616			
19q13.32:DEL	4	1.00E+00	1	0	51	16	225	2.794521			
1p13.1:DEL	4	9.10E-01	1	5	46	38	203	7.510274			
1p31.1:DEL	4	7.35E-01	1	7	44	39	202	8.034247			
1p36.11:DEL	4	9.60E-01	1	5	46	44	197	8.558219			
1p36.32:DEL	4	8.90E-01	1	10	41	64	177	12.924658			
1q42.12:DEL	4	9.93E-01	1	1	50	24	217	4.366438			
2q22.2:DEL	4	9.85E-01	1	2	49	29	212	5.414384			
3p21.31:DEL	4	9.94E-01	1	5	46	56	185	10.65411			
3q28:DEL	4	9.55E-01	1	2	49	23	218	4.366438			
4q21.22:DEL	4	9.87E-01	1	4	47	45	196	8.558219			
4q35.1:DEL	4	7.11E-01	1	7	44	38	203	7.859589			
6p21.33:DEL	4	8.17E-01	1	5	46	32	209	6.462329			
6q:DEL	4	9.98E-01	1	4	47	57	184	10.65411			
6q14.1:DEL	4	8.36E-01	1	5	46	33	208	6.636986			
6q14.3:DEL	4	9.39E-01	1	5	46	41	200	8.034247			
6q21:DEL	4	9.98E-01	1	4	47	55	186	10.304795			
6q23.3:DEL	4	9.54E-01	1	5	46	43	198	8.383562			
8q12.1:DEL	4	9.66E-01	1	3	48	32	209	6.113014			
9p21.3:DEL	4	1.00E+00	1	1	50	46	195	8.208904			
9q21.13:DEL	4	1	1	0	51	37	204	6.462329			
SV:TP63	4	1.00E+00	1	0	51	9	224	1.616197			
SV:BCL2	4	9.84E-01	1	6	45	55	178	10.954225			
SV:BCL6	4	9.21E-01	1	7	44	49	184	10.056338			
SV:MYC	4	6.92E-01	1	4	47	21	212	4.489437			
SV:CD274/PDCD1LG2	4	9.53E-01	1	1	50	14	219	2.693662			
SV:TBL1XR1	4	1.00E+00	1	0	51	12	221	2.15493			
SV:CIITA	4	5.02E-01	1	2	49	7	226	1.616197			
SV:ETV6	4	1.00E+00	1	0	51	5	228	0.897887			
18q:AMP	5	3.25E-14	5.14E-12	47	17	49	179	21.041096			
3q:AMP	5	1.65E-13	1.30E-11	40	24	33	195	16			
CD79B	5	5.72E-12	3.01E-10	30	34	17	211	10.30137			
3p:AMP	5	1.34E-10	5.30E-09	30	34	21	207	11.178082			
MYD88	5	8.42E-08	2.66E-06	28	36	27	201	12.054795			
ETV6	5	1.41E-07	3.71E-06	16	48	6	222	4.821918			
18p:AMP	5	1.27E-06	2.86E-05	31	33	40	188	15.561644			
PIM1	5	5.24E-06	1.04E-04	34	30	52	176	18.849315			
17q25.1:DEL	5	1.42E-04	2.50E-03	12	52	8	220	4.383562			
TBL1XR1	5	1.67E-04	2.64E-03	13	51	10	218	5.041096			
19q13.42:AMP	5	3.05E-04	4.38E-03	15	49	15	213	6.575342			
GRHPR	5	8.51E-04	1.03E-02	8	56	4	224	2.630137			
ZC3H12A	5	8.51E-04	1.03E-02	8	56	4	224	2.630137			
19p13.2:DEL	5	1.36E-03	1.54E-02	13	51	14	214	5.917808			
19q:AMP	5	1.57E-03	1.66E-02	18	46	26	202	9.643836			
HLA-A	5	2.25E-03	2.22E-02	12	52	13	215	5.479452			
PRDM1	5	5.63E-03	5.23E-02	11	53	13	215	5.260274			
BTG1	5	6.56E-03	5.76E-02	22	42	42	186	14.027397			
1q42.12:DEL	5	2.58E-02	2.15E-01	10	54	15	213	5.479452			
HLA-B	5	2.76E-02	2.18E-01	13	51	23	205	7.890411			
TMSB4X	5	3.69E-02	2.72E-01	14	50	27	201	8.986301			
19q13.32:DEL	5	3.79E-02	2.72E-01	7	57	9	219	3.506849			
HLA-C	5	4.17E-02	2.86E-01	6	58	7	221	2.849315			
6q21:DEL	5	5.66E-02	3.72E-01	18	46	41	187	12.931507			
13q:AMP	5	6.60E-02	4.17E-01	13	51	27	201	8.767123			
17p11.2:DEL	5	9.63E-02	5.64E-01	5	59	7	221	2.630137			
19p13.3:DEL	5	9.47E-02	5.64E-01	13	51	29	199	9.205479			
11q23.3:AMP	5	1.10E-01	6.18E-01	10	54	21	207	6.794521			
HIST1H3B	5	1.30E-01	6.95E-01	5	59	8	220	2.849315			
IGLL5	5	1.32E-01	6.95E-01	11	53	25	203	7.890411			
ACTB	5	9.93E-01	1	3	61	32	196	7.671233			
B2M	5	9.89E-01	1	2	62	24	204	5.69863			
BCL10	5	1.00E+00	1	0	64	16	212	3.506849			
BCL11A	5	3.11E-01	1	4	60	9	219	2.849315			
BCL2	5	1.00E+00	1	3	61	57	171	13.150685			
BCL6	5	5.84E-01	1	4	60	14	214	3.945205			
BRAF	5	1	1	0	64	19	209	4.164384			
BTG2	5	4.80E-01	1	4	60	12	216	3.506849			
CARD11	5	6.52E-01	1	7	57	27	201	7.452055			
CCND3	5	6.26E-01	1	3	61	11	217	3.068493			
CD58	5	1	1	0	64	19	209	4.164384			
CD70	5	1	1	0	64	28	200	6.136986			
CD83	5	9.92E-01	1	1	63	18	210	4.164384			
CIITA	5	1.00E+00	1	0	64	10	218	2.191781			
CREBBP	5	9.75E-01	1	7	57	46	182	11.616438			
DOCK1	5	8.52E-01	1	2	62	12	216	3.068493			
DTX1	5	6.35E-01	1	9	55	34	194	9.424658			
EBF1	5	9.99E-01	1	2	62	32	196	7.452055			
EEF1A1	5	7.98E-01	1	3	61	15	213	3.945205			
EP300	5	9.18E-01	1	4	60	25	203	6.356164			
ETS1	5	3.56E-01	1	5	59	13	215	3.945205			
EZH2	5	1	1	0	64	22	206	4.821918			
FAS	5	1.00E+00	1	0	64	24	204	5.260274			
GABRA2	5	6.84E-01	1	2	62	8	220	2.191781			
GNA13	5	9.98E-01	1	2	62	31	197	7.232877			
GNAI2	5	9.38E-01	1	1	63	10	218	2.410959			
HIST1H1B	5	8.33E-01	1	5	59	25	203	6.575342			
HIST1H1C	5	9.84E-01	1	5	59	39	189	9.643836			
HIST1H1D	5	7.15E-01	1	5	59	21	207	5.69863			
HIST1H1E	5	9.89E-01	1	5	59	41	187	10.082192			
HIST1H2AC	5	3.34E-01	1	7	57	19	209	5.69863			
HIST1H2AM	5	1.00E+00	1	0	64	26	202	5.69863			
HIST1H2BC	5	9.98E-01	1	1	63	24	204	5.479452			
HIST1H2BK	5	9.96E-01	1	2	62	28	200	6.575342			
HIST2H2BE	5	1.00E+00	1	0	64	23	205	5.041096			
HVCN1	5	1.00E+00	1	0	64	10	218	2.191781			
IKZF3	5	7.82E-01	1	2	62	10	218	2.630137			
IRF8	5	9.87E-01	1	2	62	23	205	5.479452			
KLHL6	5	2.50E-01	1	8	56	20	208	6.136986			
KMT2D	5	9.22E-01	1	13	51	64	164	16.876712			
LTB	5	9.87E-01	1	2	62	23	205	5.479452			
LYN	5	7.82E-01	1	2	62	10	218	2.630137			
MAP2K1	5	9.52E-01	1	1	63	11	217	2.630137			
MEF2B	5	8.56E-01	1	3	61	17	211	4.383562			
NFKBIA	5	1	1	0	64	15	213	3.287671			
NFKBIE	5	1.00E+00	1	0	64	10	218	2.191781			
NLRP8	5	9.38E-01	1	1	63	10	218	2.410959			
NOTCH2	5	9.94E-01	1	1	63	19	209	4.383562			
PDE4DIP	5	9.97E-01	1	2	62	29	199	6.794521			
POU2AF1	5	7.82E-01	1	2	62	10	218	2.630137			
POU2F2	5	7.62E-01	1	3	61	14	214	3.726027			
PRKCB	5	2.03E-01	1	4	60	7	221	2.410959			
PTEN	5	7.37E-01	1	2	62	9	219	2.410959			
PTPN6	5	9.63E-01	1	1	63	12	216	2.849315			
RHOA	5	9.83E-01	1	1	63	15	213	3.506849			
SF3B1	5	9.38E-01	1	1	63	10	218	2.410959			
SGK1	5	1.00E+00	1	0	64	46	182	10.082192			
SIN3A	5	9.52E-01	1	1	63	11	217	2.630137			
SPEN	5	7.47E-01	1	6	58	26	202	7.013699			
STAT3	5	1	1	0	64	19	209	4.164384			
STAT6	5	6.77E-01	1	3	61	12	216	3.287671			
TLR2	5	1.00E+00	1	0	64	10	218	2.191781			
TMEM30A	5	9.87E-01	1	1	63	16	212	3.726027			
TNFAIP3	5	1	1	0	64	27	201	5.917808			
TNFRSF14	5	1.00E+00	1	0	64	43	185	9.424658			
TOX	5	1.00E+00	1	0	64	12	216	2.630137			
TP53	5	9.92E-01	1	8	56	57	171	14.246575			
UBE2A	5	9.52E-01	1	1	63	11	217	2.630137			
ZEB2	5	1	1	0	64	15	213	3.287671			
ZFP36L1	5	4.40E-01	1	8	56	25	203	7.232877			
11p:AMP	5	9.91E-01	1	6	58	47	181	11.616438			
11q:AMP	5	9.76E-01	1	8	56	51	177	12.931507			
12p:AMP	5	9.77E-01	1	6	58	42	186	10.520548			
12p12.1:AMP	5	3.75E-01	1	7	57	20	208	5.917808			
12q:AMP	5	9.36E-01	1	9	55	49	179	12.712329			
13q31.3:AMP	5	8.85E-01	1	4	60	23	205	5.917808			
17q24.3:AMP	5	7.77E-01	1	9	55	39	189	10.520548			
18q21.33(BCL2):AMP	5	2.57E-01	1	6	58	14	214	4.383562			
1q:AMP	5	9.34E-01	1	10	54	53	175	13.808219			
1q23.3:AMP	5	9.99E-01	1	1	63	27	201	6.136986			
1q32.1:AMP	5	8.85E-01	1	4	60	23	205	5.917808			
21q:AMP	5	1.00E+00	1	1	63	47	181	10.520548			
2p16.1:AMP	5	1.00E+00	1	3	61	80	148	18.191781			
3q28:AMP	5	1	1	0	64	15	213	3.287671			
5p:AMP	5	1	1	0	64	49	179	10.739726			
5q:AMP	5	1	1	0	64	44	184	9.643836			
6p:AMP	5	5.71E-01	1	12	52	43	185	12.054795			
6p21.1:AMP	5	9.78E-01	1	1	63	14	214	3.287671			
7p:AMP	5	9.54E-01	1	16	48	80	148	21.041096			
7q:AMP	5	9.40E-01	1	15	49	74	154	19.506849			
7q22.1:AMP	5	9.83E-01	1	1	63	15	213	3.506849			
8q24.22:AMP	5	8.24E-01	1	12	52	53	175	14.246575			
9p24.1:AMP	5	4.26E-01	1	11	53	35	193	10.082192			
9q:AMP	5	3.72E-01	1	10	54	30	198	8.767123			
10q23.31:DEL	5	9.99E-01	1	2	62	34	194	7.890411			
12p13.2:DEL	5	5.17E-01	1	8	56	27	201	7.671233			
13q14.2:DEL	5	9.93E-01	1	4	60	38	190	9.205479			
13q34:DEL	5	9.60E-01	1	5	59	34	194	8.547945			
14q32.31:DEL	5	8.45E-01	1	7	57	34	194	8.986301			
15q15.3:DEL	5	4.73E-01	1	16	48	54	174	15.342466			
16q12.1:DEL	5	9.96E-01	1	3	61	34	194	8.109589			
17p:DEL	5	9.57E-01	1	10	54	56	172	14.465753			
18q23:DEL	5	1.00E+00	1	1	63	37	191	8.328767			
1p13.1:DEL	5	9.95E-01	1	4	60	39	189	9.424658			
1p31.1:DEL	5	9.89E-01	1	5	59	41	187	10.082192			
1p36.11:DEL	5	9.99E-01	1	4	60	45	183	10.739726			
1p36.32:DEL	5	1.00E+00	1	3	61	71	157	16.219178			
2q22.2:DEL	5	3.62E-01	1	8	56	23	205	6.794521			
3p21.31:DEL	5	9.14E-01	1	10	54	51	177	13.369863			
3q28:DEL	5	1.00E+00	1	0	64	25	203	5.479452			
4q21.22:DEL	5	6.74E-01	1	10	54	39	189	10.739726			
4q35.1:DEL	5	9.87E-01	1	5	59	40	188	9.863014			
6p21.33:DEL	5	2.71E-01	1	10	54	27	201	8.109589			
6q:DEL	5	8.41E-01	1	11	53	50	178	13.369863			
6q14.1:DEL	5	6.26E-01	1	8	56	30	198	8.328767			
6q14.3:DEL	5	4.26E-01	1	11	53	35	193	10.082192			
6q23.3:DEL	5	6.44E-01	1	10	54	38	190	10.520548			
8q12.1:DEL	5	3.49E-01	1	9	55	26	202	7.671233			
9p21.3:DEL	5	7.52E-01	1	9	55	38	190	10.30137			
9q21.13:DEL	5	7.48E-01	1	7	57	30	198	8.109589			
SV:TP63	5	6.31E-01	1	2	61	7	214	1.996479			
SV:BCL2	5	1.00E+00	1	1	62	60	161	13.53169			
SV:BCL6	5	9.99E-01	1	5	58	51	170	12.422535			
SV:MYC	5	8.50E-01	1	4	59	21	200	5.545775			
SV:CD274/PDCD1LG2	5	6.86E-01	1	3	60	12	209	3.327465			
SV:TBL1XR1	5	7.88E-01	1	2	61	10	211	2.661972			
SV:CIITA	5	6.31E-01	1	2	61	7	214	1.996479			
SV:ETV6	5	3.08E-01	1	2	61	3	218	1.109155			
