	C1	C2	C3	C4	C5	cluster	confidence
DLBCL10877	0.9880056591729901	0.0008405500451035571	0.0006683884858990657	0.010371759575387171	0.0001136427206201116	1	0.9880056591729901
DLBCL11443	0.9879175921338992	0.0002051623451316086	0.0005934503011344121	0.011007512596743934	0.0002762826230906723	1	0.9879175921338992
DLBCL11462	0.9877485071854691	0.00025970507714013515	0.001074884983296605	0.009261404404292219	0.0016554983498018156	1	0.9877485071854691
DLBCL_RICOVER_865	0.9877445217315672	0.00032045701226525664	0.0004598469913302554	0.010732382153346012	0.0007427921114912243	1	0.9877445217315672
DLBCL10928	0.9875817027486864	0.000505766787169266	0.0004920339986853742	0.011316402293603258	0.00010409417185571436	1	0.9875817027486864
DLBCL10993	0.9874772806920422	0.0002077199485318152	0.00047791414747684754	0.011555046975762108	0.00028203823618692584	1	0.9874772806920422
DLBCL11511	0.9874620828384502	0.00023171648859866245	0.0005028127891843817	0.011644203534796433	0.00015918434897056096	1	0.9874620828384502
DLBCL_RICOVER_473	0.9874590315733134	0.0002078280764526068	0.0004415003805989673	0.011647071860918463	0.0002445681087166312	1	0.9874590315733134
DLBCL_MC_F648_JKW	0.9874578838563964	0.0010465590844517913	0.0008142022627821699	0.010519556262791177	0.00016179853357836476	1	0.9874578838563964
DLBCL11506	0.9873550852076375	0.00021373797036024184	0.0004417364828235559	0.011730059883441056	0.00025938045573775236	1	0.9873550852076375
DLBCL10458	0.9872873219114183	0.00020600425848003016	0.00043381889517649764	0.011810421281392812	0.0002624336535322598	1	0.9872873219114183
DLBCL_LS378	0.9872815674382857	0.0003466955441275239	0.0005358137076278668	0.011726586870353356	0.00010933643960570195	1	0.9872815674382857
DLBCL_C_D_1123_NULLPAIR	0.9872622135848463	0.0003329280763933517	0.0005429363642369448	0.011767119736114806	9.480223840844822e-05	1	0.9872622135848463
DLBCL10844	0.9872285571343623	0.00023465667785548853	0.00033178468333985183	0.009906364680464875	0.0022986368239772837	1	0.9872285571343623
DLBCL11486	0.9872149533376569	0.00020221861049260102	0.0004300928920717158	0.011666811572058539	0.0004859235877202497	1	0.9872149533376569
DLBCL10546	0.9871417760650522	0.00021640974925802515	0.0004215747813550837	0.011935187432525512	0.0002850519718091199	1	0.9871417760650522
DLBCL_C_D_1129_NULLPAIR	0.9871235326940095	0.0002452750014352028	0.0006296553472971627	0.01161648856703863	0.00038504839021958546	1	0.9871235326940095
DLBCL10525	0.9871202964371414	0.000227366119647877	0.00046348909632659203	0.011686826216502582	0.0005020221303814457	1	0.9871202964371414
DLBCL11205	0.9871174554343204	0.0002308758089379249	0.00044407986119236135	0.012021384785824415	0.00018620410972502855	1	0.9871174554343204
DLBCL10996	0.9869800728160979	0.00020703253316371395	0.0004459040031010583	0.012103247050477996	0.00026374359715918206	1	0.9869800728160979
DLBCL10869	0.9869456548317624	0.00041716565652682866	0.0006506421047205211	0.011873388321632814	0.00011314908535743267	1	0.9869456548317624
DLBCL10935	0.9869360295378458	0.00020504364173006521	0.00041822746550122526	0.012196135916679729	0.0002445634382432533	1	0.9869360295378458
DLBCL11457	0.986936029537845	0.00020504364173013013	0.0004182274655013173	0.012196135916680171	0.00024456343824332406	1	0.986936029537845
DLBCL10462	0.9869360295376258	0.00020504364175130316	0.0004182274655313386	0.012196135916825043	0.0002445634382664119	1	0.9869360295376258
DLBCL11461	0.9869286221579857	0.00020575968377750347	0.0004192424736916102	0.012201031507611003	0.00024534417693406504	1	0.9869286221579857
DLBCL11477	0.986903241421685	0.00021906012818606276	0.0004405465000648212	0.012283087598695121	0.00015406435136901996	1	0.986903241421685
DLBCL11520	0.9868971410796453	0.0002065814689549706	0.00026182928778313287	0.011364523310244134	0.0012699248533725414	1	0.9868971410796453
DLBCL11452	0.9868897797192784	0.0002095274497822394	0.00042457457788536916	0.012226667784698931	0.0002494504683551681	1	0.9868897797192784
DLBCL_C_D_1155_NULLPAIR	0.986887738883065	0.00022062875786042126	0.00044275368783203156	0.012293494678152262	0.00015538399309020302	1	0.986887738883065
DLBCL10897	0.9868369306588115	0.0002067697886166748	0.0002875161111290524	0.012416061840942788	0.0002527216004999356	1	0.9868369306588115
DLBCL11191	0.9868369306586979	0.0002067697886278781	0.00028751611114222344	0.012416061841019736	0.00025272160051229936	1	0.9868369306586979
DLBCL10918	0.9868034508464613	0.00021966954581432478	0.0002918915415528261	0.011724439852559184	0.0009605482136123226	1	0.9868034508464613
DLBCL10972	0.9867777002114574	0.0004774341253211404	0.0005985463331338652	0.008538503200128108	0.00360781612995964	1	0.9867777002114574
DLBCL11652	0.9867642923597592	0.0033276854001789715	0.0005144614874416864	0.009001580147267643	0.00039198060535261433	1	0.9867642923597592
DLBCL11508	0.9867201134901505	0.0002081684289042631	0.00026799222570294146	0.012559887416200653	0.00024383843904160956	1	0.9867201134901505
DLBCL_C_D_1114_NULLPAIR	0.9867200874703176	0.00020817100716090934	0.00026799514440956236	0.012559905152530033	0.00024384122558186852	1	0.9867200874703176
DLBCL_C_D_1156_NULLPAIR	0.986719499632749	0.00020822925756792935	0.0002680610860019857	0.01256030584230806	0.00024390418137296165	1	0.986719499632749
DLBCL11681	0.9867107835394808	0.00023836967912929365	0.0010739419623023241	0.011712765758075361	0.0002641390610122069	1	0.9867107835394808
DLBCL11677	0.9866413102919531	0.00024654662912863785	0.0005214999239651903	0.012421516279759785	0.0001691268751931777	1	0.9866413102919531
DLBCL10986	0.9865851820908697	0.00021141698048341532	0.0004471127297217767	0.01239602284429819	0.0003602653546269944	1	0.9865851820908697
DLBCL10950	0.9865691231077932	0.00021797513817816577	0.00046037301247145034	0.012583648384908172	0.00016888035664890789	1	0.9865691231077932
DLBCL_RICOVER_1144	0.9865295062849415	0.0002562315233750209	0.00044592063310327677	0.012348946817124324	0.00041939474145590906	1	0.9865295062849415
DLBCL_C_D_1130_NULLPAIR	0.9865038917000187	0.0002154203660680145	0.0002713384779615457	0.012715384045176274	0.00029396541077537463	1	0.9865038917000187
DLBCL11501	0.9864578428608782	0.0003771448566473999	0.00045241102242586423	0.012013183241933954	0.0006994180181144768	1	0.9864578428608782
DLBCL_MC_F132_MLM	0.9864288209168159	0.0002376466531967796	0.00030122956826710706	0.012756686405791818	0.0002756164559282961	1	0.9864288209168159
DLBCL10495	0.986427988933374	0.00020994879486895207	0.0002687331133608813	0.012768746694250727	0.0003245824641453442	1	0.986427988933374
DLBCL10969	0.9864113210486388	0.001336181986424247	0.0006484709760792626	0.011395739398321664	0.00020828659053607958	1	0.9864113210486388
DLBCL10997	0.9863881958516278	0.0002527064945434317	0.0003015649986185239	0.012815673640748102	0.00024185901446219932	1	0.9863881958516278
DLBCL10912	0.9862935864244458	0.00020399079453050362	0.0002690738418922579	0.012980654976232171	0.0002526939628991976	1	0.9862935864244458
DLBCL11537	0.9862935864243231	0.00020399079454242125	0.00026907384190591124	0.012980654976316126	0.0002526939629124367	1	0.9862935864243231
DLBCL10931	0.9862935864232739	0.00020399079464426814	0.0002690738420225912	0.012980654977033605	0.0002526939630255769	1	0.9862935864232739
DLBCL_RICOVER_290	0.9862935864136912	0.0002039907955745092	0.00026907384308831383	0.01298065498358683	0.0002526939640589682	1	0.9862935864136912
DLBCL_LS1757	0.9862935824734862	0.0002039911780749342	0.00026907428129658786	0.012980657678169203	0.0002526943889730976	1	0.9862935824734862
DLBCL10488	0.9862678654780985	0.00020910942622675302	0.00031697417138670315	0.012908607722213023	0.00029744320207497073	1	0.9862678654780985
DLBCL_RICOVER_451	0.9862618458415253	0.00021812489274542895	0.00028706920740381763	0.013072266467734968	0.00016069359059032027	1	0.9862618458415253
DLBCL11512	0.9860694812650602	0.00020918965077634872	0.0002752400162896422	0.013178842693872803	0.00026724637400113194	1	0.9860694812650602
DLBCL_RICOVER_829	0.9859668973079857	0.00033458008044194424	0.0005173876529245837	0.013014748498295493	0.00016638646035227957	1	0.9859668973079857
DLBCL10509	0.9858478213794648	0.003172669076287046	0.00031710028860014954	0.010163937465254678	0.000498471790393196	1	0.9858478213794648
DLBCL10975	0.9857980300261687	0.00020038018165150997	0.0002860649999809743	0.013413034307392265	0.0003024904848064895	1	0.9857980300261687
DLBCL10953	0.9857595481578741	0.0002171772125218001	0.0002900521708218586	0.013557298030395277	0.0001759244283869495	1	0.9857595481578741
DLBCL_RICOVER_977	0.9853399069071287	0.0001994636427292833	0.0002589739175310783	0.013839607155336317	0.00036204837727467034	1	0.9853399069071287
DLBCL_MC_F262_WLC	0.9853119300494223	0.00021281078529609542	0.00026802375313941183	0.013874949560575556	0.0003322858515667197	1	0.9853119300494223
DLBCL11586	0.9852700160824657	0.00020365482178889355	0.0004739408259795852	0.013683621469842576	0.0003687667999232555	1	0.9852700160824657
DLBCL11676	0.9850658725920577	0.0002442004968304505	0.00036675192876677753	0.014149801073715836	0.0001733739086292114	1	0.9850658725920577
DLBCL_LS4394	0.9850059967582881	0.0037529721837156636	0.0014947734932958046	0.009592716723351819	0.0001535408413485199	1	0.9850059967582881
DLBCL11509	0.9849547205717281	0.00024853650484259556	0.00034908798906548786	0.014088590089607143	0.0003590648447566646	1	0.9849547205717281
DLBCL11473	0.9849092622553941	0.0002291116024926954	0.0005306400229530802	0.013965867482241462	0.00036511863691859187	1	0.9849092622553941
DFCIDL010_DT	0.9846993670437713	0.00023529625723421222	0.0005089468423077475	0.014471606520440092	8.478333624665605e-05	1	0.9846993670437713
DLBCL11470	0.9846300621713405	0.00019924559556327754	0.0002853085493884053	0.014572166146015137	0.0003132175376926773	1	0.9846300621713405
DLBCL_RICOVER_181	0.9845490208081813	0.00021275258902988506	0.00045174190233809245	0.014489230486398464	0.00029725421405213495	1	0.9845490208081813
DLBCL11434	0.9840903689470589	0.0002381057091509287	0.00034058611965188934	0.015239430841194265	9.150838294383172e-05	1	0.9840903689470589
DLBCL_LS2978	0.9839930677869784	0.00023130003959722118	0.00029765048950959	0.015313353184212222	0.00016462849970257662	1	0.9839930677869784
DLBCL11454	0.9839885065740851	0.0003188319548824212	0.0002953355632151319	0.01529175556175443	0.00010557034606279438	1	0.9839885065740851
DLBCL11539	0.9839292046301373	0.000234104780600514	0.00032032794589011214	0.015433218435081317	8.314420829070248e-05	1	0.9839292046301373
DLBCL10542	0.9838261621378349	0.00021547620579309137	0.0002833067745824114	0.014540429157640668	0.0011346257241490088	1	0.9838261621378349
DLBCL10875	0.9837369481191943	0.00022083818771451768	0.0004813581632887645	0.015340814543246168	0.00022004098655625055	1	0.9837369481191943
DLBCL_RICOVER_694	0.9837333098349018	0.0002888403079250979	0.0005359939398785588	0.015317695033411786	0.00012416088388272025	1	0.9837333098349018
DLBCL_LS3809	0.9834856416434016	0.0010839392917324545	0.0006129290949406887	0.011163319755331106	0.0036541702145942794	1	0.9834856416434016
DLBCL10945	0.9832132527901628	0.00022154073870118133	0.00030352281723820145	0.015230193270681251	0.00103149038321645	1	0.9832132527901628
DLBCL11482	0.9829709853465506	0.0002059638667217388	0.00034283869990348883	0.015913093060382338	0.0005671190264419151	1	0.9829709853465506
DLBCL10998	0.9828800760710953	0.00021725385675546729	0.00034429808271238516	0.016217913130790296	0.00034045885864649573	1	0.9828800760710953
DLBCL10506	0.9826699103058117	0.0006120165112759134	0.0006944548230222455	0.015924296274148635	9.932208574157818e-05	1	0.9826699103058117
DLBCL11472	0.9817071315687375	0.000241346045638097	0.0007657869749886848	0.016998911842560548	0.00028682356807501077	1	0.9817071315687375
DLBCL10843	0.9809061301442524	0.00021643751781675287	0.00045550559695150264	0.018301698012760725	0.00012022872821846769	1	0.9809061301442524
DLBCL10942	0.9808272821792541	0.0002510296589153493	0.00032258423227679177	0.01849907279578479	0.00010003113376900793	1	0.9808272821792541
DLBCL10451	0.9802102701585129	0.0004962178041650649	0.010521758345990827	0.008646140308466778	0.00012561338286445518	1	0.9802102701585129
DLBCL_C_D_1128_NULLPAIR	0.9800493886807424	0.0006689847947334064	0.0007648686349376056	0.017755264434778758	0.0007614934548078621	1	0.9800493886807424
DLBCL11432	0.9786658187783717	0.00024736171630488014	0.0009941085530463395	0.019958011073607094	0.00013469987867017658	1	0.9786658187783717
DLBCL10490	0.9779007396517789	0.0002665293883704715	0.00031664174551210766	0.020676819750460283	0.0008392694638783038	1	0.9779007396517789
DLBCL11496	0.9753793876597848	0.00023911678342192013	0.0005664946028782343	0.01839583672565107	0.005419164228264099	1	0.9753793876597848
DLBCL10966	0.9749836900347135	0.00028826038924081523	0.0014418809344479268	0.023172085205930646	0.00011408343566708765	1	0.9749836900347135
DLBCL11481	0.9747414983388463	0.0015700622583836002	0.0026162822149533136	0.019820951395449853	0.0012512057923669048	1	0.9747414983388463
DLBCL10957	0.9743999152898064	0.0002793649860291477	0.0004486206406373474	0.024135259839730305	0.0007368392437969318	1	0.9743999152898064
DLBCL11480	0.9738027625067384	0.0009321996599632945	0.0004581032090876683	0.007094042625148379	0.01771289199906213	1	0.9738027625067384
DLBCL10548	0.971763957226454	0.0006185456227758304	0.0005053169266511517	0.026991052678180392	0.00012112754593861973	1	0.971763957226454
DLBCL10515	0.971557463503614	0.00022263790491792364	0.00029973925812665735	0.01870172750705216	0.00921843182628905	1	0.971557463503614
DLBCL11445	0.9706241123520737	0.00022665593012645852	0.0003540459964657401	0.023899208986302288	0.004895976735031748	1	0.9706241123520737
DLBCL11478	0.9704383092027129	0.000771546003851508	0.0033080989408579486	0.02522565284262951	0.00025639300994821917	1	0.9704383092027129
DLBCL11663	0.9695902548302665	0.00031111430565203713	0.0008816119375728312	0.02910775464258347	0.00010926428392535258	1	0.9695902548302665
DLBCL_LS2154	0.9684894893885988	0.019493784064549307	0.0005918838158272241	0.011093098062566895	0.0003317446684579552	1	0.9684894893885988
DLBCL_RICOVER_826	0.9681638562869782	0.0002482178717031816	0.00044262089950924916	0.026482105185494972	0.004663199756314351	1	0.9681638562869782
DLBCL11435	0.9641378771932996	0.0002918366099742888	0.00042034624514121575	0.03496556554491834	0.0001843744066663953	1	0.9641378771932996
DLBCL10884	0.9619887696885588	0.0002877029857519678	0.0005127316022554935	0.03694002673923577	0.0002707689841979994	1	0.9619887696885588
DLBCL_C_D_1107_NULLPAIR	0.9585490864392008	0.0003218945025470075	0.0007029153941888243	0.040312894022215995	0.00011320964184739485	1	0.9585490864392008
DLBCL_MAYO_DLBCL_5613	0.9579826288787912	0.005088659286422176	0.005931640677076188	0.0257324916630946	0.005264579494615817	1	0.9579826288787912
DLBCL10913	0.9533823280852513	0.00026746924003431105	0.00046935989374634205	0.045328606876655034	0.0005522359043130622	1	0.9533823280852513
DLBCL10482	0.9524150512936721	0.0002542336204233161	0.0002751063608677633	0.029000761018913926	0.018054847706122992	1	0.9524150512936721
DLBCL_RICOVER_945	0.9456236889793265	0.004110462157198751	0.000572828587729735	0.044426019059518	0.005267001216227023	1	0.9456236889793265
DLBCL10896	0.9434590646267195	0.0002578368564185004	0.0003816142006206756	0.054993501343661606	0.000907982972579782	1	0.9434590646267195
DLBCL10545	0.9350916369800087	0.0004168786264890972	0.004858073296188226	0.05954947675835437	8.393433895951626e-05	1	0.9350916369800087
DLBCL11429	0.9279100941054793	0.00027569203627134017	0.00039430743024515053	0.053096127339534144	0.01832377908846984	1	0.9279100941054793
DLBCL11671	0.9251318163244537	0.0004149480576473241	0.0008860240820239943	0.07330325838018084	0.0002639531556941397	1	0.9251318163244537
DLBCL_RICOVER_1150	0.9191970772488891	0.029246369902744006	0.0009051673791135952	0.00724907741461516	0.04340230805463832	1	0.9191970772488891
DLBCL_MC_F300_TBF	0.9146582105122061	0.00042943350830618876	0.0018011317138800556	0.08292074249958122	0.00019048176602672325	1	0.9146582105122061
DLBCL11662	0.9114146817822313	0.0003394720268378197	0.000392652175922841	0.022075219550523016	0.065777974464485	1	0.9114146817822313
DLBCL10450	0.9030357741349206	0.0002710585304441895	0.0003443800707306622	0.03658314217092974	0.05976564509297478	1	0.9030357741349206
DLBCL11430	0.8929168993412199	0.0003548609730848587	0.0007622637665592624	0.10570101969917166	0.00026495621996433944	1	0.8929168993412199
DLBCL10914	0.8680807260485047	0.003284466345929468	0.11029625759583517	0.018006994380628576	0.00033155562910193817	1	0.8680807260485047
DLBCL11474	0.8511518681406235	0.0004040545350280907	0.0008212120239176372	0.14685115053790726	0.0007717147625235148	1	0.8511518681406235
DLBCL_LS2367	0.848622814507338	0.0007317562218139538	0.0011709849297078727	0.14918753158514347	0.0002869127559968833	1	0.848622814507338
DLBCL11578	0.8457838160772009	0.0004964985209700385	0.001398286855306621	0.1521942990334091	0.00012709951311328505	1	0.8457838160772009
DLBCL10994	0.8402543487251639	0.09621309352639813	0.0016023590174066395	0.01190100594666211	0.050029192784369104	1	0.8402543487251639
DLBCL_LS951	0.8376016818796294	0.0007147411442591703	0.0016523936142492422	0.1598460004409341	0.0001851829209281567	1	0.8376016818796294
DLBCL11202	0.8373982325461947	0.0011208730123199286	0.12155443178411542	0.03981139090795474	0.00011507174941523764	1	0.8373982325461947
DLBCL10486	0.8333755522807432	0.03442967907885216	0.0010291706588880986	0.010313686971079598	0.12085191101043698	1	0.8333755522807432
DLBCL10968	0.8168525806397989	0.0003735433146482482	0.0006236584081549104	0.17962556364053803	0.002524653996859948	1	0.8168525806397989
DLBCL10959	0.8078438182780115	0.0005919505652532066	0.001044227146620455	0.19018866955064034	0.0003313344594743976	1	0.8078438182780115
DLBCL_RICOVER_910	0.79893211661414	0.006019202739010851	0.0013939288010826527	0.19313065541518476	0.0005240964305818827	1	0.79893211661414
DLBCL10492	0.7577493305020943	0.0005064712004081268	0.00041304737984013877	0.030664067899555995	0.21066708301810144	1	0.7577493305020943
DLBCL_MC_F307_JPS	0.745323649052057	0.05491650689421374	0.05677800539159073	0.08766743858293198	0.05531440007920663	1	0.745323649052057
DLBCL11488	0.7344460498841892	0.0005094952581287722	0.0004429471295596571	0.016578763811123127	0.24802274391699938	1	0.7344460498841892
DLBCL10894	0.7260668679510974	0.26385434906263494	0.0018754843803151938	0.0069051771088879865	0.001298121497064372	1	0.7260668679510974
DLBCL_C_D_1148_NULLPAIR	0.6757608956720088	0.0006386547410955948	0.010545966385516612	0.31275736256533915	0.00029712063603985127	1	0.6757608956720088
DLBCL11519	0.653835259843804	0.0007278295849321129	0.002199525419808187	0.3430298840523147	0.00020750109914100976	1	0.653835259843804
DLBCL_MAYO_DLBCL_3653	0.5973641812525914	0.0009076850660928848	0.016909822561736457	0.38445999435389755	0.0003583167656817099	1	0.5973641812525914
DLBCL10531	0.5760215581430234	0.01729233230239698	0.0036694291968201644	0.08989095383373243	0.31312572652402726	1	0.5760215581430234
DLBCL10971	0.5277327721873233	0.4307385895651861	0.001372465465732087	0.005402055439813136	0.034754117341945355	1	0.5277327721873233
DLBCL_RICOVER_338	0.523993083770102	0.025987102667445573	0.03376333159232237	0.39038322635873857	0.025873255611391498	1	0.523993083770102
DLBCL11523	0.5231039355394183	0.003096311931812478	0.0023198853869379004	0.19258685612983542	0.27889301101199593	1	0.5231039355394183
DLBCL10478	0.5082223906884594	0.001018589023796077	0.2322853607122243	0.2578626908136472	0.0006109687618729851	1	0.5082223906884594
DLBCL11659	0.42713409328195795	0.001162813722005612	0.2597692614855835	0.3109798833503221	0.000953948160130946	1	0.42713409328195795
DLBCL11498	0.0002903812757417329	0.9958495334453478	0.0017225480662409077	0.00024079515657307197	0.0018967420560965526	2	0.9958495334453478
DLBCL_RICOVER_253	0.00016759219638905865	0.9957620372267434	0.001702522322425594	0.00023618904723900745	0.0021316592072029255	2	0.9957620372267434
DLBCL10850	0.00018460003697524975	0.9957251609407096	0.0013935349650989264	0.0002314903782115846	0.002465213679004694	2	0.9957251609407096
DLBCL11577	0.00016555091013133717	0.9957026726256384	0.001999022048302948	0.000248262413302625	0.0018844920026246824	2	0.9957026726256384
DLBCL10507	0.0001655509101849021	0.9957026726251654	0.0019990220484823783	0.0002482624133680056	0.0018844920027991626	2	0.9957026726251654
DLBCL_C_D_1136_NULLPAIR	0.00016555149770751455	0.9957026674386812	0.001999024016550727	0.00024826313048952075	0.001884493916570998	2	0.9957026674386812
DLBCL_RICOVER_174	0.00017587709593149223	0.99568507886937	0.0020078728631490305	0.0002518365494044705	0.0018793346221451664	2	0.99568507886937
DLBCL_C_D_1131_NULLPAIR	0.00016858426008389002	0.9956759636749183	0.0020091496886623004	0.00025196174698433223	0.001894340629351161	2	0.9956759636749183
DLBCL11204	0.0001686647182447939	0.995674713572179	0.0020290601462313773	0.00025362869328239286	0.0018739328700623857	2	0.995674713572179
DLBCL11438	0.00016887355327877592	0.9956734235172224	0.00201011211522953	0.00025231423191774527	0.0018952765823515257	2	0.9956734235172224
DLBCL10911	0.00019699183502352844	0.9956698604486433	0.0014352720934186212	0.00023369630340059017	0.002464179319514085	2	0.9956698604486433
DLBCL_C_D_1135_NULLPAIR	0.00020114109506131844	0.9956619786498835	0.0014304531709092858	0.0002645542586784691	0.002441872825467571	2	0.9956619786498835
DLBCL11188	0.0001934785026893114	0.9956602452201914	0.001785355755491187	0.0002472261486419609	0.002113694372986225	2	0.9956602452201914
DLBCL_LS146	0.0001934785026922492	0.995660245220167	0.0017853557554998243	0.00024722614864527493	0.002113694372995582	2	0.995660245220167
DLBCL_C_D_1126_NULLPAIR	0.00020012324502858227	0.9956056507929092	0.0018047795421200882	0.0002547144828885546	0.002134731937053588	2	0.9956056507929092
DLBCL10903	0.00019127935617724534	0.995592756805818	0.0020891208069890492	0.00025959007834468905	0.0018672529526709478	2	0.995592756805818
DLBCL_RICOVER_948	0.00019127935617742768	0.9955927568058166	0.00208912080698963	0.0002595900783449009	0.0018672529526714981	2	0.9955927568058166
DLBCL11579	0.00019127986170110566	0.9955927525758121	0.002089122417253089	0.0002595906657345003	0.0018672544794991282	2	0.9955927525758121
DLBCL_C_D_PAIR5	0.0001913375360717553	0.9955922700013441	0.002089306119661773	0.0002596576793209951	0.0018674286636013164	2	0.9955922700013441
DLBCL_RICOVER_107	0.00015792458450222997	0.9955910524304301	0.0015956911014645102	0.00023160822710284657	0.00242372365650038	2	0.9955910524304301
DLBCL_RICOVER_1235	0.00019149668372074794	0.9955909385807794	0.0020898129292980547	0.0002598425902248174	0.0018679092159768892	2	0.9955909385807794
DLBCL_LS3749	0.0001728165537340982	0.9955905586955159	0.002109905799575549	0.0002552105495673943	0.0018715084016070979	2	0.9955905586955159
DLBCL10988	0.0001597981941196937	0.9955863163758885	0.0013314339013206981	0.00021979739972454235	0.002702654128946544	2	0.9955863163758885
DLBCL10510	0.0001597981941196937	0.9955863163758885	0.0013314339013206981	0.00021979739972454235	0.002702654128946544	2	0.9955863163758885
DLBCL_LS88	0.0001597981943468614	0.9955863163738649	0.0013314339019587567	0.00021979739999030803	0.0027026541298392553	2	0.9955863163738649
DLBCL11203	0.00015980544375518094	0.9955862517935907	0.0013314542636160308	0.00021980588112907528	0.0027026826179089385	2	0.9955862517935907
DLBCL10477	0.00016995209298928724	0.9955717204277441	0.0013385880930183443	0.00022315843912947063	0.002696580947118744	2	0.9955717204277441
DLBCL11193	0.00015469093049000994	0.9955613514270796	0.0019628277968897316	0.00024492162291755407	0.0020762082226232215	2	0.9955613514270796
DLBCL11565	0.0001546909305009821	0.9955613514269784	0.0019628277969274063	0.00024492162293131005	0.002076208222661912	2	0.9955613514269784
DLBCL11456	0.00015469093055748675	0.9955613514264577	0.001962827797121426	0.00024492162300215095	0.002076208222861161	2	0.9955613514264577
DLBCL_LS4054	0.00015469116012284731	0.995561349311324	0.0019628285853774533	0.0002449219108122602	0.0020762090323634117	2	0.995561349311324
DLBCL10834	0.00015469116874080297	0.9955613492319212	0.001962828614968824	0.00024492192161674114	0.0020762090627523713	2	0.9955613492319212
DLBCL_RICOVER_299	0.00015469897184246906	0.995561277337458	0.0019628554081375094	0.00024493170447531954	0.002076236578086675	2	0.995561277337458
DLBCL_RICOVER_533	0.000154707854302358	0.9955611954995346	0.0019628859068501234	0.00024494284047796874	0.0020762678988350105	2	0.9955611954995346
DLBCL10473	0.00015482230558572598	0.9955601411332332	0.0019632788282350415	0.00024508632290463136	0.002076671410041429	2	0.9955601411332332
DLBCL_C_D_1119_NULLPAIR	0.00018243710677692224	0.9955556491157913	0.0020545924453390985	0.0002687802827020061	0.0019385410493908022	2	0.9955556491157913
DLBCL_MC_F729_MAN	0.00020143656966556295	0.9955540001693138	0.0018896861235990065	0.00025416732098697715	0.0021007098164347155	2	0.9955540001693138
DLBCL10922	0.00020715460838410392	0.9955493654306052	0.0014012953889409572	0.00024195715185328483	0.0026002274202165266	2	0.9955493654306052
DLBCL11591	0.00015626398996184575	0.9955468792066945	0.0019682192079449974	0.0002468927560723924	0.002081744839326373	2	0.9955468792066945
DLBCL10517	0.0001584821103986454	0.9955265442252592	0.0019757879314835506	0.0002496686984064199	0.0020895170344520306	2	0.9955265442252592
DLBCL10981	0.0002081349481222385	0.9955153791901354	0.002136672143463242	0.0002946449069088545	0.0018451688113702376	2	0.9955153791901354
DLBCL_RICOVER_623	0.00020833082330498943	0.9955137819876559	0.002137276946489216	0.00029487722641346423	0.001845733016136453	2	0.9955137819876559
DLBCL10519	0.00016001092212427316	0.9955125767043148	0.001980982120715368	0.0002515796450430821	0.0020948506078024417	2	0.9955125767043148
DLBCL10917	0.0001829687399562314	0.9954945685172515	0.0016754874209086862	0.00024240576549160482	0.0024045695563919994	2	0.9954945685172515
DLBCL11507	0.00019918298071584177	0.9954769261339491	0.0022029038428851024	0.0002667406842923999	0.0018542463581577204	2	0.9954769261339491
DLBCL10528	0.00019918298071584177	0.9954769261339491	0.0022029038428851024	0.0002667406842923999	0.0018542463581577204	2	0.9954769261339491
DLBCL11208	0.00027985464036326633	0.9954646930177777	0.0020016811887328145	0.00031694994542709275	0.0019368212076991463	2	0.9954646930177777
DLBCL11661	0.00019702881768702012	0.9954596168181371	0.0021712780215531534	0.00043267873573605734	0.0017393976068864065	2	0.9954596168181371
DLBCL10483	0.00017958406202519988	0.9954537609026219	0.0020520962542715194	0.000256172883892673	0.0020583858971888113	2	0.9954537609026219
DLBCL_MAYO_DLBCL_7359	0.0001755971797501798	0.9954474583885599	0.0013751148676630048	0.0002382156416909063	0.0027636139223360077	2	0.9954474583885599
DLBCL_MC_F089_HCZ	0.0001608070222587874	0.9954310154812583	0.002020469702470071	0.00026955734634563877	0.002118150447667166	2	0.9954310154812583
DLBCL10502	0.0002522018761810813	0.9954274307213586	0.00222181592862891	0.00034541621671939056	0.001753135257111988	2	0.9954274307213586
DLBCL_RICOVER_678	0.00020602462840489742	0.9954223877881564	0.0014701552461089443	0.00024100664229979122	0.002660425695029875	2	0.9954223877881564
DLBC_FF_8043_TP_NB	0.00019005459339985269	0.9954214882776619	0.0014055194220219686	0.00022614827018972104	0.0027567894367266825	2	0.9954214882776619
DLBCL_MC_F502_RFK	0.0002326242643989769	0.9954125176984704	0.0018906566702404368	0.0003069277967342379	0.0021572735701557866	2	0.9954125176984704
DLBCL_DFCI_DLBCL_GOE07	0.00018963240817629148	0.9953996043779775	0.0018550134449015889	0.0002510472128823828	0.0023047025560622653	2	0.9953996043779775
DLBCL11484	0.0001816736135079014	0.9953949939911223	0.001391568175915869	0.0002452669366902644	0.002786497282763782	2	0.9953949939911223
DLBCL10484	0.0002251788016507288	0.9953002035039865	0.0022525294305354836	0.00035794434875246957	0.0018641439150748871	2	0.9953002035039865
DLBCL11679	0.0004967817393652189	0.9952928272293876	0.0020295820509933027	0.0002881139535146773	0.0018926950267393189	2	0.9952928272293876
DLBCL_C_D_1106_NULLPAIR	0.0002983445016246019	0.9952832754649581	0.002027251777170482	0.0003169800934643661	0.0020741481627825683	2	0.9952832754649581
DLBCL_LS2258	0.00018753579010050608	0.9952672252863817	0.0020716413456349715	0.00028568718616255924	0.0021879103917204386	2	0.9952672252863817
DLBCL10494	0.00015539399011061135	0.9952151164859454	0.0025125390698633077	0.00024759937993695016	0.0018693510741437489	2	0.9952151164859454
DLBCL10983	0.0001868283213967047	0.995168949056505	0.0008918178777497605	0.0002261810770674167	0.0035262236672811784	2	0.995168949056505
DLBCL10480	0.0001823982547337868	0.995159094015557	0.0013570490224360686	0.00024101259435107799	0.0030604461129221778	2	0.995159094015557
DLBCL10845	0.00019015524820591858	0.9951545591341602	0.0009118453622161825	0.00023132415351875916	0.0035121161018989485	2	0.9951545591341602
DLBCL_RICOVER_1169	0.0002972725336820821	0.9951388446795649	0.0024487561753199064	0.00039869885984848393	0.0017164277515845459	2	0.9951388446795649
DLBCL_C_D_1108_NULLPAIR	0.00020277935038344642	0.9951062183814292	0.0009453021786452692	0.00023353827644232111	0.0035121618130996256	2	0.9951062183814292
DLBCL10933	0.00021534271836707574	0.995022049686584	0.0010146474147034548	0.00027177552593926505	0.0034761846544063032	2	0.995022049686584
DLBCL11503	0.00022888158131865988	0.9949704299006714	0.0010502711246778737	0.00027423691127155645	0.0034761804820605323	2	0.9949704299006714
DLBCL_LS2089	0.00016504923617302941	0.9949573149036288	0.0008619294786519583	0.00021977987894621705	0.0037959265025998643	2	0.9949573149036288
DLBCL_MC_F959_ERM	0.00023237394739231582	0.9949429105160231	0.001057589784509757	0.0002780521653807666	0.0034890735866940884	2	0.9949429105160231
DLBCL10926	0.00016857889517852802	0.9949259085450478	0.0008698208092673763	0.00022384089698058708	0.003811850853525709	2	0.9949259085450478
DLBCL11466	0.0004525771278706732	0.9949179619742644	0.002046802657855159	0.000566537827885821	0.0020161204121238764	2	0.9949179619742644
DFCIDL003_DT	0.00016536772035000453	0.9948664598537074	0.00307922642463412	0.00026338287393077686	0.0016255631273777878	2	0.9948664598537074
DLBCL_RICOVER_266	0.00017573337306985538	0.9948628138627644	0.000885673969784797	0.00023205510599069745	0.0038437236883902314	2	0.9948628138627644
DLBCL10885	0.0001862148539714215	0.9947495087625723	0.0008657458192138922	0.00022975990469073574	0.0039687706595516	2	0.9947495087625723
DLBCL_RICOVER_335	0.00023942909801172115	0.9947314139931961	0.0020357667175822216	0.000692650919408228	0.00230073927180179	2	0.9947314139931961
DLBCL10846	0.0016431828495816038	0.9946379460135957	0.0013812052117822488	0.0004195263151751743	0.0019181396098653482	2	0.9946379460135957
DLBCL10859	0.00019244387268759015	0.9945828257258362	0.0011024928209446582	0.00021562248254801444	0.00390661509798345	2	0.9945828257258362
DLBCL10956	0.00016689397662928346	0.9944987989772239	0.0008694989316109924	0.00021105244316420852	0.0042537556713717305	2	0.9944987989772239
DLBCL11346	0.0001668939767955455	0.994498798975709	0.0008694989319833465	0.00021105244335083517	0.0042537556721612465	2	0.994498798975709
DLBCL_LS3204	0.00033250380164522513	0.9944766281003464	0.002573943391745165	0.0010756407636777782	0.001541283942585347	2	0.9944766281003464
DLBCL10541	0.00033982849990354507	0.994470592924804	0.0016611034801083061	0.0003447005309480808	0.003183774564236088	2	0.994470592924804
DLBCL11673	0.00021300537279682544	0.9944614755434183	0.0033263614195115075	0.00032933362354401087	0.0016698240407293633	2	0.9944614755434183
DLBCL10907	0.0002484854952091541	0.994449346873335	0.0011812148952981304	0.00026212631244609846	0.0038588264237116843	2	0.994449346873335
DLBCL_MC_F739_AMA3	0.00021130505647836602	0.9944404440586642	0.0032144064117499357	0.00034439560403205853	0.0017894488690754636	2	0.9944404440586642
DLBCL_C_D_1149_NULLPAIR	0.00017064425088033776	0.9943466200053693	0.0020751872119228127	0.00023960386414873468	0.0031679446676786465	2	0.9943466200053693
DLBCL_C_D_1152_NULLPAIR	0.00023745344076035792	0.9942891367434813	0.002762551581314872	0.0003522932983476074	0.002358564936096015	2	0.9942891367434813
DLBCL11446	0.00037871221469668753	0.9942641568653574	0.002598809828370166	0.0011423009262447538	0.0016160201653309663	2	0.9942641568653574
DLBCL_LS1921	0.00023950254637986453	0.9940927577366294	0.002609670814140638	0.0014354699422721826	0.001622598960577909	2	0.9940927577366294
DLBCL11483	0.0002703564452843955	0.9938140975471844	0.0009397205007891549	0.00043488269646762266	0.0045409428102744145	2	0.9938140975471844
DLBCL10487	0.0014177511689383439	0.9937373291134366	0.0022885321018939375	0.0008036928533798926	0.0017526947623512914	2	0.9937373291134366
DLBCL_RICOVER_839	0.0005048624586813094	0.993412993085842	0.002553677955871171	0.0005887931666774714	0.0029396733329280843	2	0.993412993085842
DLBCL_LS3245	0.0001981719219614049	0.9932900560681239	0.004547400600795026	0.00032728464033180283	0.0016370867687878535	2	0.9932900560681239
DLBCL10470	0.0001627177732015521	0.9928142364619514	0.004700868868972348	0.0004241971569466661	0.0018979797389280216	2	0.9928142364619514
DLBCL_RICOVER_496	0.0002132507703282699	0.9927998070586996	0.004260194717429517	0.00043582241342816837	0.0022909250401142904	2	0.9927998070586996
DLBCL_RICOVER_126	0.00021518284936099052	0.9923870875657745	0.005172238846365392	0.00032010460752841124	0.0019053861309705547	2	0.9923870875657745
DLBCL10452	0.00019296869259774016	0.9923861729458014	0.0009327151150586357	0.0002018925647183923	0.0062862506818239655	2	0.9923861729458014
DLBCL11562	0.00019366440882956584	0.9922328465289966	0.005823222154638321	0.0002889373483206911	0.0014613295592148029	2	0.9922328465289966
DLBCL10460	0.00029507199370045845	0.992171481054038	0.00221560227169827	0.00029276664275834635	0.005025078037805068	2	0.992171481054038
DLBCL11530	0.00016832677368555876	0.9917500291767523	0.005128239230205208	0.0008998031856037119	0.002053601633753328	2	0.9917500291767523
DLBCL_RICOVER_822	0.00035802810646250936	0.991656997538745	0.0012520572010332113	0.00035858658969138875	0.006374330564067833	2	0.991656997538745
DLBCL11533	0.0002810584552062702	0.9914864874708958	0.0063985495838949705	0.00039069735969865624	0.001443207130304275	2	0.9914864874708958
DLBCL_LS3309	0.00015187933155739422	0.9913763333971608	0.006558597092038348	0.0002691246812127731	0.0016440654980307012	2	0.9913763333971608
DLBCL_RICOVER_1165	0.0002804708310973712	0.9912794648889683	0.001737255359704319	0.0002635221230958311	0.006439286797134068	2	0.9912794648889683
DLBCL10453	0.0001864029356785549	0.9912006501679272	0.0008584883306648565	0.00022474986030355593	0.007529708705425802	2	0.9912006501679272
DLBCL_RICOVER_288	0.0009778680997655268	0.9903253515794253	0.0038898983350239952	0.0011472975120500803	0.0036595844737352338	2	0.9903253515794253
DLBCL10954	0.00022300156523254874	0.9902497275950569	0.0009431894840962347	0.0001943688008647409	0.00838971255474952	2	0.9902497275950569
DLBCL10989	0.00023461676017996977	0.9893075796808847	0.00098657515618801	0.00018630796396735313	0.00928492043877985	2	0.9893075796808847
DLBCL10934	0.00029848600140191335	0.9890166119969246	0.0011110553865863791	0.0005542429476772348	0.009019603667409821	2	0.9890166119969246
DLBCL10851	0.00022639564410928108	0.9888639465215519	0.0009118421667006193	0.00024636491162828827	0.009751450756009873	2	0.9888639465215519
DLBCL_C_D_PAIR2	0.006876587171690212	0.9885347954882607	0.0014540038209622237	0.0006130712009634111	0.0025215423181234025	2	0.9885347954882607
DLBCL_LS1065	0.007851966784001227	0.9879362715211045	0.0015967514046318838	0.00034392238490949016	0.0022710879053528792	2	0.9879362715211045
DLBCL10871	0.00023923214727372016	0.9875295706970468	0.0009691233527575813	0.0001681920174025373	0.01109388178551927	2	0.9875295706970468
DLBCL11516	0.0005664889394096122	0.9873877834289558	0.0011295634469493728	0.0012042395560298998	0.00971192462865533	2	0.9873877834289558
DLBCL10538	0.00030247730379036146	0.9873244268952468	0.001083164581642956	0.0036569919295190794	0.00763293928980076	2	0.9873244268952468
DLBCL_C_D_1105_NULLPAIR	0.00034615624336265904	0.9870091285942737	0.0010577842697810731	0.00020936874554312241	0.011377562147039529	2	0.9870091285942737
DLBCL_RICOVER_401	0.00017537811201505819	0.9859312446721024	0.011842640261366371	0.00031808803659704864	0.0017326489179191216	2	0.9859312446721024
DLBCL11684	0.00016693222306668766	0.9851632246163116	0.013001963954043563	0.0003558484508010887	0.001312030755777118	2	0.9851632246163116
DLBCL11531	0.000705104728757756	0.9845072092262388	0.0026250507013088273	0.010461591785618257	0.0017010435580763056	2	0.9845072092262388
DLBCL10947	0.00023263422143201873	0.983711160091376	0.0008934354013802558	0.0001961442134957128	0.014966626072316068	2	0.983711160091376
DLBCL10849	0.00023904403932526377	0.9823831995722306	0.0009474425126457731	0.0001424184158517259	0.016287895459946668	2	0.9823831995722306
DLBCL_C_D_1117_NULLPAIR	0.007001653853966434	0.9820054256336513	0.0018142407724458032	0.007216121681676972	0.0019625580582594117	2	0.9820054256336513
DLBCL10461	0.0002588310422552494	0.9817440384810642	0.0010157564224861765	0.0001417962111332009	0.0168395778430612	2	0.9817440384810642
DLBCL_RICOVER_1210	0.00018582159916838607	0.9816802525518322	0.015063518672878246	0.001436964409980323	0.0016334427661409245	2	0.9816802525518322
DLBCL10962	0.00031775894811207227	0.9806181512091733	0.0013652568144392647	0.00020899961911436424	0.017489833409160917	2	0.9806181512091733
DLBCL11479	0.0003681886787403026	0.9803958253968686	0.001196923092995901	0.00023853395721905722	0.017800528874176224	2	0.9803958253968686
DLBCL10500	0.00025193168632263544	0.9770805799074166	0.0019133543163281517	0.0003890777283155101	0.020365056361617125	2	0.9770805799074166
DLBCL_RICOVER_478	0.0010207457853631827	0.9758322390840527	0.001976132633320021	0.0002479722689032486	0.020922910228360837	2	0.9758322390840527
DLBCL_LS1683	0.00034248888262332567	0.9742021403453593	0.001102086355536479	0.00014877849682303157	0.024204505919657712	2	0.9742021403453593
DLBCL_MC_F500_ECU	0.002917062796862256	0.9712658710736664	0.005359146054006859	0.002637124417697638	0.01782079565776713	2	0.9712658710736664
DLBCL_MC_F210_GWC	0.0003602509120162779	0.9678123362672367	0.0013517994800985795	0.0002479431156258171	0.030227670225022603	2	0.9678123362672367
DLBCL_RICOVER_150	0.0003593073731478469	0.9654382485334833	0.0008642995679026422	0.0016633384110988235	0.03167480611436733	2	0.9654382485334833
DLBCL11449	0.0006070707719458718	0.9628933413083332	0.0014630911989008668	0.0002758792361163299	0.03476061748470378	2	0.9628933413083332
DLBCL10493	0.00022097224054720393	0.9627908695877332	0.032565189093658437	0.002674697336717238	0.0017482717413438453	2	0.9627908695877332
DLBCL_C_D_PAIR22	0.0011187535195557885	0.9560361043969221	0.030609392327676135	0.011029871736657518	0.0012058780191884911	2	0.9560361043969221
DLBCL_C_D_1118_NULLPAIR	0.04509233143418283	0.9493706800538634	0.0025297626311743303	0.001370540264978851	0.0016366856158005112	2	0.9493706800538634
DLBCL_RICOVER_763	0.0003698757000377163	0.9437970238429327	0.0009278146369737748	0.00018709942341627045	0.054718186396639584	2	0.9437970238429327
DLBCL_RICOVER_583	0.0005458800458497994	0.933894531989758	0.002251856397774163	0.0002501549662822301	0.06305757660033565	2	0.933894531989758
DLBCL_C_D_PAIR9	0.000965766632917601	0.9284793434992447	0.003204265600958504	0.0655565223408388	0.0017941019260404873	2	0.9284793434992447
DLBCL_DFCI_DLBCL_GOE05	0.00048154657084880417	0.9272011856818523	0.001134390696320922	0.00018612829914182926	0.07099674875183587	2	0.9272011856818523
DLBCL10906	0.0004733133958026632	0.9235756270966115	0.001154803633974213	0.00021448013020108225	0.07458177574341054	2	0.9235756270966115
DLBCL_LS1546	0.00042205082479333155	0.9208459100923225	0.0010052017246784826	0.00016931743732581704	0.07755751992087984	2	0.9208459100923225
DLBCL10780	0.0002369907752378297	0.9204494053087479	0.07259066882530667	0.005278464343534685	0.0014444707471728874	2	0.9204494053087479
DLBCL_RICOVER_467	0.0004001871027362846	0.9192176114681364	0.0009206406697716804	0.00018444228518447558	0.07927711847417115	2	0.9192176114681364
DLBCL11664	0.0911663815926211	0.8993005738428083	0.0022173671218195887	0.005775785133187663	0.0015398923095633612	2	0.8993005738428083
DLBCL_C_D_1158_NULLPAIR	0.08512661922023164	0.8966344079978892	0.0012155400675420496	0.015370415534028188	0.0016530171803090762	2	0.8966344079978892
DLBCL_MC_F990_MNA	0.00037335908066928356	0.8953980967054574	0.0010729372363449299	0.0005530196047412467	0.10260258737278706	2	0.8953980967054574
DLBCL11003	0.000491365200763004	0.8744430391814653	0.0009618822273246517	0.00024315780523523838	0.12386055558521189	2	0.8744430391814653
DLBCL_LS2245	0.0002549750322636167	0.8517977443523956	0.1449503066194049	0.0010110869504561266	0.001985887045479757	2	0.8517977443523956
DLBCL_RICOVER_1060	0.0005228585357377885	0.8428985553403464	0.0009347941187846093	0.00024344762939925953	0.1554003443757321	2	0.8428985553403464
DLBCL_RICOVER_787	0.020398357300489226	0.8400698111311362	0.011071798378468813	0.12598761027773606	0.002472422912169572	2	0.8400698111311362
DLBCL10524	0.003906667087550393	0.8336065291630803	0.003939536434817616	0.15349547832830038	0.005051788986251279	2	0.8336065291630803
DLBCL11180	0.0005496571798298847	0.8292199815629825	0.000925154445759261	0.0002991415977041349	0.16900606521372416	2	0.8292199815629825
DLBCL10503	0.0006725906870926303	0.822379975222265	0.13799802813066467	0.001013884212760294	0.03793552174721734	2	0.822379975222265
DLBCL_C_D_PAIR23	0.1770406660594104	0.8103126688631014	0.0011052673388824395	0.001897070618624426	0.009644327119981316	2	0.8103126688631014
DLBCL_C_D_1138_NULLPAIR	0.001736999778643644	0.8020951227663422	0.1119815689655957	0.07650572583365735	0.00768058265576106	2	0.8020951227663422
DLBCL_LS1668	0.0014484266206933358	0.7797448998814295	0.055833323781705406	0.16173015955562356	0.0012431901605482515	2	0.7797448998814295
DLBCL11436	0.002653178026791684	0.7440599013463559	0.002145420867552153	0.21070833779713605	0.04043316196216431	2	0.7440599013463559
DLBCL_LS4323	0.2623821815153451	0.717530675863212	0.0013826505262224866	0.017291153285262782	0.0014133388099578457	2	0.717530675863212
DLBCL10874	0.007345305502950926	0.7014207311937353	0.01878628702924726	0.25341387719195035	0.01903379908211625	2	0.7014207311937353
DLBCL_MC_F496DMP	0.2869476255219729	0.7008652610460742	0.0035665116029055433	0.007321779931136606	0.0012988218979108623	2	0.7008652610460742
DLBCL_C_D_1142_NULLPAIR	0.0005401584238922211	0.6955791277328458	0.001145251754938463	0.0019829523357812796	0.3007525097525421	2	0.6955791277328458
DLBCL10873	0.0025828515409936545	0.6918931956244223	0.002452048805152	0.27832443309230837	0.02474747093712358	2	0.6918931956244223
DLBCL10985	0.012665934872891554	0.6863176350786782	0.004091501850935175	0.29521532777758697	0.0017096004199082565	2	0.6863176350786782
DLBCL_RICOVER_780	0.0002987159691161024	0.6779200024383883	0.31358021723332324	0.007186800993453672	0.0010142633657185876	2	0.6779200024383883
DLBCL10948	0.0006369235688899184	0.5067338305563982	0.000561375407300151	0.005556395565415072	0.4865114749019967	2	0.5067338305563982
DLBCL_RICOVER_1046	0.00033274162486960664	0.5065585412138122	0.4865701026248545	0.005446699829880272	0.0010919147065834238	2	0.5065585412138122
DLBCL11680	0.00021567244495146367	0.0009669815811229354	0.9902824848914329	0.008419546390615124	0.0001153146918775022	3	0.9902824848914329
DLBCL_RICOVER_577	0.00020297939338087597	0.0010316185386502873	0.9901050259075466	0.008549280201008726	0.00011109595941349362	3	0.9901050259075466
DLBCL11458	0.0002172867481647115	0.0010484399062346025	0.9900914822847201	0.008513553017194706	0.00012923804368575616	3	0.9900914822847201
DLBCL10465	0.00018843210124338576	0.0009663784785405452	0.9900365534727249	0.008699629428156068	0.00010900651933519039	3	0.9900365534727249
DLBCL11670	0.00018843210127192313	0.0009663784786038683	0.9900365534724352	0.008699629428332054	0.00010900651935697838	3	0.9900365534724352
DLBCL11541	0.00030493291291653376	0.0035973586432313737	0.9898591691390366	0.005922529286078545	0.0003160100187369841	3	0.9898591691390366
DLBCL11428	0.0001820870901417223	0.0009187470124301492	0.9897042820015056	0.009092449429828372	0.00010243446609409634	3	0.9897042820015056
DLBCL11558	0.0001820870901417223	0.0009187470124301492	0.9897042820015056	0.009092449429828372	0.00010243446609409634	3	0.9897042820015056
DLBCL_C_D_1127_NULLPAIR	0.0001820891781933535	0.0009187516110533209	0.9897042603911103	0.009092462781290138	0.00010243603835300024	3	0.9897042603911103
DLBCL11666	0.00018209880313657401	0.0009187728083668984	0.9897041607782963	0.009092524324428171	0.00010244328577201388	3	0.9897041607782963
DLBCL10472	0.0003467342874755052	0.0007493579131003477	0.989692604648193	0.00908114601544057	0.0001301571357907039	3	0.989692604648193
DLBCL11667	0.00021458439279882	0.0009426669647575503	0.9896860727056902	0.009037789141132329	0.00011888679562122041	3	0.9896860727056902
DLBCL_LS4593	0.00018694962351633226	0.0010413455591617932	0.9896298722986318	0.00903513611719284	0.00010669640149738888	3	0.9896298722986318
DLBCL11575	0.00027594299176973735	0.001069164745828882	0.9896188088697578	0.008925600962116217	0.00011048243052745568	3	0.9896188088697578
DLBCL10879	0.00020064211711692652	0.0010583443632098599	0.9896158896434722	0.009000651595096516	0.00012447228110439184	3	0.9896158896434722
DLBCL10464	0.00025771473612996615	0.0007809216078341497	0.9896153630122427	0.009230371580828827	0.00011562906296443508	3	0.9896153630122427
DLBCL_C_D_1157_NULLPAIR	0.0003285365976752168	0.0007688843473731584	0.9895900303856623	0.009155658797680814	0.00015688987160855438	3	0.9895900303856623
DLBCL_RICOVER_1283	0.00022608680767677024	0.0009661597033150891	0.989575553007543	0.009104675433541525	0.00012752504792365167	3	0.989575553007543
DLBCL10481	0.00017305287255646643	0.0009758187483434037	0.9895587987345152	0.009187676329212443	0.00010465331537241938	3	0.9895587987345152
DLBCL10459	0.00017305287255646643	0.0009758187483434037	0.9895587987345152	0.009187676329212443	0.00010465331537241938	3	0.9895587987345152
DLBCL_C_D_1141_NULLPAIR	0.00017305320937835328	0.0009758195313516994	0.9895587951336333	0.00918767854744199	0.00010465357819458066	3	0.9895587951336333
DLBCL_RICOVER_744	0.00022416368437155133	0.0009263857379593694	0.9895340728369867	0.009210763179683827	0.00010461456099855906	3	0.9895340728369867
DLBCL11656	0.00018894671923672297	0.0009287185226614501	0.9893988704275513	0.009377464426530431	0.00010599990402009729	3	0.9893988704275513
DFCIDL009_DT	0.00020693678725047955	0.0017626342321511344	0.9893844180205646	0.008440670546734854	0.00020534041329903183	3	0.9893844180205646
DLBCL11669	0.00017976134352383063	0.0010541329922142174	0.9893529437301827	0.009306246823227126	0.00010691511085210362	3	0.9893529437301827
DLBCL_LS843	0.00022412609242255857	0.0007502033711008893	0.989262407685348	0.00963779110148368	0.00012547174964484107	3	0.989262407685348
DLBCL11569	0.00020049750636375228	0.0010092214203642983	0.9892379594527648	0.009448784015496729	0.00010353760501037048	3	0.9892379594527648
DLBCL11584	0.00016702093672000154	0.0009279887759596001	0.9892175661772244	0.00958918871942196	9.823539067414186e-05	3	0.9892175661772244
DLBCL11685	0.00016702093672000154	0.0009279887759596001	0.9892175661772244	0.00958918871942196	9.823539067414186e-05	3	0.9892175661772244
DLBCL10555	0.00016702093672000154	0.0009279887759596001	0.9892175661772244	0.00958918871942196	9.823539067414186e-05	3	0.9892175661772244
DLBCL11572	0.00016702093672000154	0.0009279887759596001	0.9892175661772244	0.00958918871942196	9.823539067414186e-05	3	0.9892175661772244
DLBCL11585	0.00016702093672000154	0.0009279887759596001	0.9892175661772244	0.00958918871942196	9.823539067414186e-05	3	0.9892175661772244
DLBCL11566	0.00016702093672000154	0.0009279887759596001	0.9892175661772244	0.00958918871942196	9.823539067414186e-05	3	0.9892175661772244
DLBCL_DFCI_DLBCL_GOE16	0.00016702094071136827	0.0009279887851759048	0.9892175661336915	0.0095891887466753	9.823539374591413e-05	3	0.9892175661336915
DLBCL_LS297	0.00016702114015571272	0.0009279892457047587	0.989217563958405	0.009589190108495417	9.823554723911636e-05	3	0.989217563958405
DLBCL_MC_F349_BJJ	0.00016713292699965646	0.0009282473428602572	0.9892163448631333	0.009589953283695453	9.832158331143989e-05	3	0.9892163448631333
DLBCL_RICOVER_384	0.00016730043729398862	0.0009286340016241576	0.9892145185748221	0.009591096463043021	9.84505232168101e-05	3	0.9892145185748221
DLBCL_RICOVER_1263	0.0001673897235270375	0.0009288400519605896	0.9892135453730029	0.009591705592690992	9.851925881853137e-05	3	0.9892135453730029
DLBCL_C_D_1133_NULLPAIR	0.00017414279111822506	0.0017612064888061166	0.9891888355431798	0.008749439475685194	0.00012637570121075062	3	0.9891888355431798
DLBCL_LS1620	0.000203434964309728	0.0007808031122741453	0.9891794043851767	0.009734924870413924	0.00010143266782539194	3	0.9891794043851767
DLBCL11526	0.0003362420957102725	0.0006105880918081505	0.9891666145102525	0.0097825271696651	0.00010402813256396305	3	0.9891666145102525
DLBCL11573	0.00016952875641814086	0.0011009576193739858	0.9890477953380818	0.009576027855776856	0.00010569043034917437	3	0.9890477953380818
DLBCL11651	0.00017554575456295193	0.0009514002279911692	0.9890161143742577	0.00975070251781535	0.00010623712537278418	3	0.9890161143742577
DLBCL11542	0.00017829060432534086	0.0009429922996088737	0.9889995456177298	0.009781037576181243	9.813390215461962e-05	3	0.9889995456177298
DLBCL_LS3820	0.00017873044116628551	0.0009439830287884387	0.988994855916262	0.009783969015029753	9.846159875342938e-05	3	0.988994855916262
DLBCL_MC_F344_CJS	0.00021467707118266814	0.0007897772764185976	0.9889406527824266	0.009951634199477536	0.00010325867049458193	3	0.9889406527824266
DLBCL10995	0.0003173724554360992	0.0004929841700981856	0.9889093634637159	0.01014042636008461	0.00013985355066518254	3	0.9889093634637159
DLBCL10498	0.00022036471790894867	0.0008188509306848115	0.9887269672098195	0.01012549952333318	0.00010831761825350866	3	0.9887269672098195
DLBCL10522	0.0002234759643901633	0.0006680576409517044	0.9887029092533767	0.010301387819048186	0.00010416932223318882	3	0.9887029092533767
DLBCL_LS4592	0.00017077105354673406	0.0007481996830340356	0.9886784813060234	0.010303913764399727	9.863419299625495e-05	3	0.9886784813060234
DLBCL_LS2305	0.00017077972861381056	0.0007482175393468708	0.988678387707398	0.010303974214611043	9.864081003014411e-05	3	0.988678387707398
DLBCL_RICOVER_469	0.00018743344470956575	0.0007895270675210799	0.9886774881372583	0.010248303045318742	9.724830519229112e-05	3	0.9886774881372583
DLBCL_MC_F358_WDS	0.00017087782019621254	0.0007484194292761579	0.9886773294676996	0.010304657648263207	9.871563456471344e-05	3	0.9886773294676996
DLBCL11675	0.00020765739721825626	0.0006159493121928523	0.9886172828723786	0.010457267445025634	0.00010184297318458873	3	0.9886172828723786
DLBCL_C_D_1113_NULLPAIR	0.0002076605066831259	0.0006159546025511106	0.9886172524767597	0.010457287252264122	0.00010184516174193914	3	0.9886172524767597
DLBCL10554	0.0003538005551657046	0.0004831242501040847	0.9885643769356885	0.01046473214212979	0.00013396611691192533	3	0.9885643769356885
DLBCL_LS1098	0.00021297288778467555	0.0007160781662128861	0.9885628607279762	0.010401993001513716	0.00010609521651257267	3	0.9885628607279762
DLBCL_LS4618	0.00020011085063020905	0.0007823857343986169	0.9885209336568836	0.010387187493642813	0.00010938226444477171	3	0.9885209336568836
DLBCL_RICOVER_267	0.00028420305646292924	0.0004669094966886982	0.9884655757855049	0.010633062631090635	0.00015024903025293696	3	0.9884655757855049
DLBCL10537	0.0005576988637715094	0.0006408326687994096	0.9881541748782783	0.010529305328351047	0.00011798826079971059	3	0.9881541748782783
DLBCL_C_D_1110_NULLPAIR	0.0001917001242392626	0.0006243960012873796	0.9880955016937544	0.01099058029892589	9.782188179298117e-05	3	0.9880955016937544
DLBCL_LS4616	0.00018455063863522634	0.001291255950579699	0.9877909200192643	0.010628160842790713	0.00010511254873012853	3	0.9877909200192643
DLBCL11563	0.0003644281932454332	0.000895408568995332	0.987586261650726	0.01105083430629876	0.0001030672807344357	3	0.987586261650726
DLBCL_C_D_1112_NULLPAIR	0.0003428902619175043	0.0019218007175387769	0.987536508684412	0.010039668525106404	0.0001591318110253812	3	0.987536508684412
DLBCL10536	0.00019553246698457985	0.004473114423381292	0.9863219364321627	0.008862928839497014	0.00014648783797445976	3	0.9863219364321627
DLBCL_RICOVER_269	0.0001782260031397454	0.003946384026677472	0.9857127315594405	0.010039025715282075	0.00012363269546002752	3	0.9857127315594405
DLBCL_LS2599	0.0002273476959196797	0.0011683638287448318	0.9856846237540609	0.012818367900478845	0.0001012968207958431	3	0.9856846237540609
DLBCL10514	0.00024351009342132854	0.0008352119703309772	0.9856229467274618	0.013201362112711817	9.696909607429892e-05	3	0.9856229467274618
DLBCL_MC_F815_BAT	0.00021412140450543629	0.0008096722742442613	0.9853172175936076	0.013551152413776616	0.00010783631386609524	3	0.9853172175936076
DLBCL_MC_F362_MJB1	0.00013527065607183528	0.009385572375350034	0.9846896331896978	0.005537335356154736	0.00025218842272572	3	0.9846896331896978
DLBC_FF_8046_TP_NB	0.0039226848195081515	0.0007839357949167013	0.9843062719890914	0.009811512517712511	0.0011755948787711622	3	0.9843062719890914
DLBCL_LS3615	0.0005107626955359145	0.0003876255893699106	0.982343698332448	0.01660161186425323	0.00015630151839299167	3	0.982343698332448
DLBCL_RICOVER_440	0.00018194092673721088	0.012871884119043445	0.981484608004558	0.0052249029050114686	0.00023666404464985655	3	0.981484608004558
DLBCL11515	0.0004421026898951552	0.008144840609568698	0.9812756687014067	0.007768902781792549	0.0023684852173368035	3	0.9812756687014067
DLBCL_RICOVER_463	0.000638228132015765	0.0016500286670251166	0.9803297710841313	0.016946592727556442	0.0004353793892713371	3	0.9803297710841313
DLBCL11439	0.008517381434280963	0.0004914010912028422	0.9775174290597148	0.01311322962288621	0.000360558791915262	3	0.9775174290597148
DLBCL11672	0.0003371379009775446	0.0007370340046210731	0.9773435658535002	0.02146655986763801	0.00011570237326303181	3	0.9773435658535002
DLBCL10910	0.0004832582462995837	0.016795226131328438	0.9759633469024102	0.0064026245294450555	0.0003555441905167387	3	0.9759633469024102
DLBCL10518	0.00046623288241446617	0.0003806748516165544	0.9750501860808718	0.023942782447845683	0.0001601237372514127	3	0.9750501860808718
DLBCL_RICOVER_320	0.002252154154923682	0.006500912768123094	0.974053856513975	0.015271304568748537	0.0019217719942295818	3	0.974053856513975
DLBCL_MC_F606_DMJ	0.0025013128445369216	0.005030494492295199	0.9734493561936342	0.016783254459181603	0.002235582010352084	3	0.9734493561936342
DLBCL10523	0.0004142588300426833	0.000427903914892097	0.9732061279108203	0.02585017631060266	0.00010153303364210645	3	0.9732061279108203
DLBCL11469	0.0009541078501990284	0.004845745082310968	0.9717817458775383	0.0045455929369122355	0.01787280825303954	3	0.9717817458775383
DLBCL_RICOVER_1269	0.0004109879556029422	0.020556816480740484	0.9675327012921497	0.010780627336799261	0.0007188669347075822	3	0.9675327012921497
DLBCL_RICOVER_1013	0.0045540129437966915	0.007462104951633415	0.9633858037637801	0.02034112753497865	0.004256950805811085	3	0.9633858037637801
DLBCL_LS1395	0.004833381788537853	0.013718067809222743	0.9594573943483711	0.017330069179527213	0.004661086874341146	3	0.9594573943483711
DLBCL_MC_F064AB	0.0002648904913306991	0.0007828076916210884	0.9547082110566063	0.04393708068228046	0.0003070100781615212	3	0.9547082110566063
DLBCL11441	0.0025966434273638566	0.0004759895107573459	0.9498679737954663	0.04640691690971143	0.0006524763567012346	3	0.9498679737954663
DLBCL10466	0.0002269240418053125	0.0009013244453987785	0.9492263876559458	0.049534115373613755	0.0001112484832362725	3	0.9492263876559458
DLBCL_LS762	0.00044139304817884096	0.0025246066447332733	0.9439932391254342	0.003365401628633419	0.04967535955302024	3	0.9439932391254342
DLBCL10512	0.0008550511839727958	0.04208947972898975	0.9373857219118633	0.00408269583377525	0.015587051341398742	3	0.9373857219118633
DLBCL11518	0.060947284316118705	0.001644263736750866	0.9272227597247279	0.009956976823255994	0.00022871539914645883	3	0.9272227597247279
DLBCL11534	0.0015127033792322287	0.0005916332331249431	0.9246733055095356	0.07313705082213942	8.530705596760075e-05	3	0.9246733055095356
DLBCL_LS2328	0.0003137745118093362	0.0724870474017043	0.9236249196260573	0.003061278072866521	0.000512980387562606	3	0.9236249196260573
DLBCL11532	0.0010948299244208932	0.0007711987573585179	0.9085846357648035	0.08945832657648083	9.100897693622095e-05	3	0.9085846357648035
DLBCL_RICOVER_216	0.010107758946394032	0.013432890987320038	0.903727965007532	0.013588894845711729	0.05914249021304214	3	0.903727965007532
DLBCL_LS155	0.00047770049790031105	0.0007882566102384152	0.9028685331924997	0.09565292974717374	0.00021257995218762967	3	0.9028685331924997
DLBCL11559	0.00016518646793399472	0.08800708628518333	0.9013561547460814	0.010209463134509903	0.00026210936629129743	3	0.9013561547460814
DLBCL11525	0.00045241173796685066	0.0006323102411664343	0.8987753854144713	0.10003847893202991	0.00010141367436564354	3	0.8987753854144713
DLBCL11528	0.00874142403501849	0.0012917002960572276	0.8951355687345669	0.09474190700655746	8.93999277998778e-05	3	0.8951355687345669
DLBCL11468	0.001409181544891657	0.0006960831877190785	0.8948564416382437	0.1029228039898602	0.00011548963928522083	3	0.8948564416382437
DLBCL11574	0.0013480614088057475	0.002202365065007219	0.8881450352081276	0.10788371544579535	0.00042082287226421003	3	0.8881450352081276
DLBCL_RICOVER_258	0.00682203581429049	0.0006168138026513727	0.8747873260994569	0.11619340563974322	0.0015804186438581076	3	0.8747873260994569
DLBCL11683	0.00927083307423886	0.0005977209671335439	0.866412084485739	0.12333415796261388	0.00038520351027478757	3	0.866412084485739
DLBCL_LS1304	0.0008359080352344028	0.0035178991469539144	0.8185278957321869	0.007477886497289617	0.16964041058833526	3	0.8185278957321869
DLBCL_LS2325	0.00019428866327049295	0.18708756923951542	0.8041783004295607	0.008053650365544708	0.0004861913021087049	3	0.8041783004295607
DLBCL_LS3387	0.0017689385095722152	0.0008759929007083537	0.8018646769549586	0.19524072873328513	0.0002496629014755701	3	0.8018646769549586
DLBCL10856	0.0020764851592391135	0.001088891874793546	0.8002262639854291	0.014961597517588474	0.18164676146294972	3	0.8002262639854291
DLBCL_RICOVER_522	0.0014284452258578613	0.0009683027576633026	0.7873976299526154	0.2101374748409898	6.814722287358223e-05	3	0.7873976299526154
DLBCL_RICOVER_866	0.001810243200750076	0.0007836434828775573	0.7832567809604801	0.2140214036165274	0.00012792873936480552	3	0.7832567809604801
DLBCL11590	0.22081581137654052	0.0005890040853818329	0.7500231826303241	0.028124883126706215	0.0004471187810472889	3	0.7500231826303241
DLBCL10501	0.00023711769780066465	0.2450641458411989	0.7499859034266927	0.004102012586737426	0.000610820447570334	3	0.7499859034266927
DLBCL10936	0.09074070391155434	0.12898565220823072	0.7416799141819663	0.03766111940180006	0.0009326102964486812	3	0.7416799141819663
DLBCL10549	0.00028989852782342225	0.27517580681729664	0.7178353564837054	0.005724989992802834	0.0009739481783715259	3	0.7178353564837054
DLBCL_MAYO_DLBCL_234	0.1938401354191659	0.0007584995407445567	0.7020254559566665	0.10211089719671589	0.0012650118867071603	3	0.7020254559566665
DLBCL_RICOVER_978	0.16496196065378005	0.0007857636075088635	0.6636499457124302	0.16991298081764208	0.000689349208638828	3	0.6636499457124302
DLBCL_RICOVER_408	0.0014976422680054201	0.23167974918915082	0.6294563891546442	0.13708166621837967	0.00028455316981976426	3	0.6294563891546442
DFCIDL001_DT	0.08877130033666154	0.0028075335226034463	0.5739296834870874	0.3342687640719214	0.0002227185817262466	3	0.5739296834870874
DLBCL_RICOVER_208	0.00023517015046517706	0.4427628713825707	0.5545283626711438	0.0014404420457041253	0.0010331537501161573	3	0.5545283626711438
DLBCL11535	0.012276026197117278	0.0006969609145845917	0.005139570843456453	0.9744386326372789	0.007448809407562684	4	0.9744386326372789
DLBCL_RICOVER_1247	0.008649179714616425	0.0008867168151546804	0.007298031638398063	0.9734145018187006	0.009751570013130173	4	0.9734145018187006
DLBCL10974	0.00896501151446708	0.0006719231147121871	0.00468377977549209	0.9732337907456564	0.012445494849672086	4	0.9732337907456564
DLBCL10544	0.012171112024116531	0.0006527643823583509	0.0074087005840129515	0.9729732404683283	0.006794182541183924	4	0.9729732404683283
DLBCL11658	0.009290100627689054	0.0007236517247951626	0.0030405004898342476	0.9728512519502802	0.014094495207401251	4	0.9728512519502802
DLBCL_RICOVER_274	0.006804391457894922	0.0011340021602250447	0.003994702143326257	0.9719226299404738	0.016144274298079884	4	0.9719226299404738
DLBCL11571	0.011631401317373816	0.0006450863057518368	0.003311452215641808	0.9718204206745448	0.012591639486687884	4	0.9718204206745448
DLBCL11660	0.0116883806497403	0.0006446271047818778	0.00313326541899875	0.970886036533803	0.013647690292675907	4	0.970886036533803
DLBCL10955	0.011972720669462115	0.0013476218649820803	0.004700246286537384	0.9697511738225711	0.012228237356447354	4	0.9697511738225711
DLBCL11453	0.01744905575762046	0.0007140532457555926	0.01319513405380075	0.9664798991325534	0.0021618578102697793	4	0.9664798991325534
DLBCL11433	0.010467075274121242	0.0005938903680919477	0.010168878692113966	0.9618785947756621	0.016891560890010884	4	0.9618785947756621
DLBCL_C_D_1153_NULLPAIR	0.008961542218596142	0.0012146672670425632	0.0025058502021866216	0.9618701220077841	0.025447818304390624	4	0.9618701220077841
DLBCL11196	0.028649214378349115	0.0006926379509622918	0.006967029895883106	0.9614016174114984	0.002289500363307171	4	0.9614016174114984
DLBCL10456	0.009182028579694027	0.0007274256117505526	0.027670733572964686	0.9609127198958967	0.0015070923396941554	4	0.9609127198958967
DLBCL10469	0.01790427038861844	0.0007072889195774824	0.020310259827407067	0.9597183304916893	0.001359850372707779	4	0.9597183304916893
DLBCL10965	0.02648020627268582	0.0006536062782776266	0.003343924565114886	0.9596458518205143	0.00987641106340739	4	0.9596458518205143
DLBCL11560	0.011660214117319616	0.0013706582729062907	0.028190039133537535	0.9579477170833107	0.0008313713929258889	4	0.9579477170833107
DLBCL_LS2357	0.010348187757912372	0.0007595342714237745	0.03111045520523185	0.9565628014601535	0.0012190213052785442	4	0.9565628014601535
DLBCL11564	0.038229057494857784	0.000714616741635643	0.004452240677516607	0.9548482704542056	0.0017558146317844608	4	0.9548482704542056
DLBCL10539	0.0070758247156158995	0.011879734638650214	0.023415968274432705	0.9537680796105457	0.003860392760755601	4	0.9537680796105457
DLBCL11459	0.010895903601448523	0.0007964335226271141	0.033955590805310513	0.953625270391425	0.0007268016791887746	4	0.953625270391425
DLBCL_RICOVER_692	0.04082100893580156	0.0006398093705283541	0.002226470778512357	0.9529849289199648	0.0033277819951931095	4	0.9529849289199648
DLBCL10527	0.011340642746335582	0.0007303756032355103	0.034982724277456766	0.9521553018943039	0.0007909554786681786	4	0.9521553018943039
DLBCL_RICOVER_151	0.006838367436818871	0.03309932682837197	0.00773860260226423	0.9514423352699238	0.0008813678626210929	4	0.9514423352699238
DLBCL_LS3499	0.034925082932379864	0.0008761280862457755	0.012057873586279225	0.9514398709726082	0.0007010444224868634	4	0.9514398709726082
DLBCL_RICOVER_361	0.011648630114686127	0.0007582174291634743	0.03523924640437114	0.95106537693431	0.001288529117469183	4	0.95106537693431
DLBCL_C_D_1109_NULLPAIR	0.036348797700965454	0.001913871423842022	0.004084147150010807	0.9496057797556015	0.008047403969580308	4	0.9496057797556015
DLBCL_RICOVER_1072	0.007861344143021707	0.005155559848086718	0.036883635473803494	0.9495429881505152	0.0005564723845729117	4	0.9495429881505152
DLBCL10978	0.009867012934956985	0.0007946723755403339	0.039553963804937475	0.949011176821564	0.0007731740630013275	4	0.949011176821564
DLBCL_RICOVER_701	0.02835118328541318	0.0007773489544543237	0.02129254088081274	0.9489368332235588	0.0006420936557608838	4	0.9489368332235588
DLBCL_RICOVER_148	0.018655174037574575	0.0007412448805817893	0.03185824079566609	0.948288387120866	0.000456953165311447	4	0.948288387120866
DLBCL10547	0.023736287576790322	0.0007115205105583984	0.027176195362055375	0.9478955953868586	0.00048040116373721263	4	0.9478955953868586
DLBCL10868	0.021879222338924188	0.0006152643929480794	0.0017581567544003257	0.9459246668821134	0.029822689631613924	4	0.9459246668821134
DLBCL_RICOVER_985	0.010464841550933902	0.0007423828939806169	0.04231348711983963	0.9458906453655425	0.0005886430697033167	4	0.9458906453655425
DLBCL_C_D_1103_NULLPAIR	0.011252051227282525	0.000758268848022411	0.042226688454211195	0.945262960959132	0.0005000305113519329	4	0.945262960959132
DLBCL_MC_F139_LJF	0.011467549338997443	0.0009569636435279711	0.04380316162132417	0.9431725513050339	0.0005997740911165217	4	0.9431725513050339
DLBCL11002	0.024726841764834594	0.001040644779004845	0.031394860380326656	0.9421833816331534	0.0006542714426804544	4	0.9421833816331534
DLBCL10564	0.009301566328144242	0.0009356397887291255	0.04781454205564725	0.941433187655428	0.0005150641720513785	4	0.941433187655428
DLBCL_RICOVER_950	0.012566244340672984	0.0010921787225827786	0.04413493567319983	0.9413571567204587	0.0008494845430857056	4	0.9413571567204587
DLBCL11005	0.006969979670080717	0.0015196205348731908	0.0018050912766565546	0.934026443277409	0.055678865240980466	4	0.934026443277409
DLBCL_RICOVER_336	0.06561757697329465	0.0006530553855321375	0.002361613937840702	0.9306238053939959	0.0007439483093365604	4	0.9306238053939959
DLBCL_RICOVER_1138	0.054982038768356875	0.0007589774912739825	0.013627350777203806	0.9303689644953033	0.00026266846786197537	4	0.9303689644953033
DLBCL11460	0.0648264559671971	0.0006359223088144207	0.0020671338028073936	0.9302997602599569	0.0021707276612241157	4	0.9302997602599569
DLBCL10491	0.003969535151215423	0.001781124398224426	0.06473060748167252	0.929083466174707	0.000435266794180626	4	0.929083466174707
DLBCL_C_D_1121_NULLPAIR	0.004326953262838006	0.0009715402528152376	0.06524980018581321	0.9289685609957649	0.0004831453027686335	4	0.9289685609957649
DLBCL10919	0.061969925895550136	0.0006641297214796486	0.0024525656015882136	0.9284253534060538	0.006488025375328237	4	0.9284253534060538
DLBCL_RICOVER_1061	0.05990235706540239	0.0007244946445139721	0.013305697579269438	0.9257414387212239	0.00032601198959010985	4	0.9257414387212239
DLBCL10939	0.07006669788907714	0.0006635565838401557	0.002339255514379886	0.9256108616539284	0.0013196283587742835	4	0.9256108616539284
DLBCL10505	0.04809652828614737	0.0008289778195486625	0.02698144260718569	0.9237871116784429	0.000305939608675459	4	0.9237871116784429
DLBCL10970	0.06221355460739802	0.0028169456627588152	0.013272710157834553	0.9213605239069527	0.00033626566505599897	4	0.9213605239069527
DLBCL_C_D_1139_NULLPAIR	0.07499912000682836	0.0009846376447422394	0.002937271028048466	0.9202802351640249	0.0007987361563560682	4	0.9202802351640249
DLBCL_C_D_1115_NULLPAIR	0.07533589660484817	0.0009928262534802867	0.0030265699812100475	0.9200604605751049	0.0005842465853566149	4	0.9200604605751049
DLBCL_RICOVER_617	0.06760599297037272	0.0009697070458470861	0.013667546728027603	0.9174522969530118	0.0003044563027406139	4	0.9174522969530118
DLBCL11467	0.0522375166843476	0.0008107323966834117	0.030285759114970112	0.9162858789764027	0.0003801128275963972	4	0.9162858789764027
DLBCL_RICOVER_711	0.07876049965116205	0.002932930654786081	0.0023957095365560615	0.915045738235586	0.0008651219219096971	4	0.915045738235586
DLBCL11527	0.003885240851236371	0.0007973080302575055	0.08056450379121279	0.914416895114326	0.0003360522129672821	4	0.914416895114326
DLBCL10497	0.08345942983858286	0.0006657896802907656	0.0023815652217927283	0.9130104173192117	0.0004827979401217988	4	0.9130104173192117
DLBCL_LS2590	0.008603959845640686	0.0006897029124405222	0.0034045050591560468	0.9094105090097713	0.0778913231729915	4	0.9094105090097713
DLBCL_BWH_DLBCL64	0.07453929780026988	0.01187590799371368	0.004866795219870964	0.9085361997820398	0.00018179920410561157	4	0.9085361997820398
DLBCL10552	0.054602566133831534	0.0009703699403766664	0.03699497836680354	0.9072903190177013	0.0001417665412869545	4	0.9072903190177013
DLBCL11655	0.08928970140587052	0.0006049773102680334	0.0019479328819562484	0.9070577568565287	0.0010996315453765577	4	0.9070577568565287
DLBC_FF_8062_TP_NB	0.04155623905684811	0.0008392591232798782	0.05430936408406623	0.9031399624883497	0.00015517524745606214	4	0.9031399624883497
DLBCL_C_D_1159_NULLPAIR	0.09601143326977916	0.0006287506404766305	0.0021010787265590856	0.8996887168010687	0.0015700205621165155	4	0.8996887168010687
DLBCL10553	0.003586184399793494	0.0008489671519515648	0.09693147160175143	0.8981352048760028	0.000498171970500717	4	0.8981352048760028
DLBCL_MC_F218_RAP	0.09624321628401039	0.001547946375258416	0.005656723751153758	0.8951818412191787	0.0013702723703986797	4	0.8951818412191787
DLBCL10513	0.10377352256526551	0.0008580073001325701	0.003561392147254626	0.8915752334494608	0.0002318445378865663	4	0.8915752334494608
DLBCL_C_D_1151_NULLPAIR	0.10006692733591625	0.0007378444952417894	0.0074250760602598154	0.8915462352947771	0.0002239168138051324	4	0.8915462352947771
DLBCL_C_D_1146_NULLPAIR	0.005115984515855285	0.0012848368836648775	0.10256086949400307	0.8906035902697833	0.0004347188366934347	4	0.8906035902697833
DLBCL10476	0.0035405543375631233	0.0008286339420272043	0.10488173280825114	0.8904711334072333	0.0002779455049251342	4	0.8904711334072333
DLBCL_RICOVER_575	0.12749949705837255	0.0008353387548353537	0.003418138162902024	0.8680264584511848	0.00022056757270533267	4	0.8680264584511848
DLBCL_RICOVER_597	0.00794509455687209	0.0022015069925426524	0.0037765290056350964	0.8642042063553435	0.12187266308960662	4	0.8642042063553435
DLBCL10932	0.1339012723229696	0.0006295727629365141	0.0021622068390320893	0.8629296862993825	0.00037726177567922484	4	0.8629296862993825
DLBCL_RICOVER_1045	0.013587315462434997	0.0010706599002950857	0.122048973534806	0.862275286362417	0.0010177647400470705	4	0.862275286362417
DLBCL11437	0.07878045623591047	0.0006977328837206397	0.0022670065302823695	0.859367294898466	0.05888750945162055	4	0.859367294898466
DLBCL11464	0.1447780733064807	0.000707170820040544	0.0023986284111085603	0.8519558157492989	0.00016031171307123303	4	0.8519558157492989
DLBCL11678	0.0032324116910360454	0.001606977800227199	0.1563073506490165	0.8385445537772525	0.00030870608246774624	4	0.8385445537772525
DLBCL_RICOVER_1199	0.002948853586614226	0.0009143097309711728	0.1661814993969337	0.8298504292051038	0.0001049080803770727	4	0.8298504292051038
DLBCL11657	0.09635419509786802	0.0026299659729776236	0.0760917298172007	0.8190913141457226	0.005832794966231179	4	0.8190913141457226
DLBCL_RICOVER_1018	0.02662072960421587	0.11742190630514038	0.024311507270897145	0.8078103900341852	0.02383546678556146	4	0.8078103900341852
DLBCL11536	0.0030625864651626982	0.19179141363443683	0.00780626165303439	0.7966313187650436	0.0007084194823225939	4	0.7966313187650436
DLBCL11447	0.006245762534969244	0.0005097277537453178	0.0009956707019992007	0.7439056593534182	0.24834317965586805	4	0.7439056593534182
DLBCL_C_D_1132_NULLPAIR	0.2571805967629225	0.0007215142817389265	0.0018142213788031741	0.7397724080973138	0.0005112594792216398	4	0.7397724080973138
DLBCL10565	0.003021958033538287	0.001744853092150786	0.28712452192662935	0.7079656014057191	0.0001430655419624939	4	0.7079656014057191
DLBCL11576	0.006723543837375351	0.001233741731243027	0.29108900926137243	0.7008310326647348	0.0001226725052743221	4	0.7008310326647348
DLBCL10782	0.29944898777173734	0.0009569134314735874	0.002380352847925038	0.6970533077439154	0.0001604382049486655	4	0.6970533077439154
DLBCL11182	0.01934354908764855	0.0005875298684636491	0.000969250036850049	0.6968119134771782	0.28228775752985963	4	0.6968119134771782
DLBCL_RICOVER_197	0.004216230790840513	0.001657400008776034	0.33213679251936207	0.6613448537563261	0.0006447229246952826	4	0.6613448537563261
DLBCL11448	0.007741207464215735	0.05332367170632378	0.002802962867905389	0.6366726901861464	0.29945946777540866	4	0.6366726901861464
DLBCL11665	0.007952525630527002	0.0010670625195618652	0.35941914845754386	0.631348237330291	0.00021302606207640676	4	0.631348237330291
DLBCL11455	0.01807141367311219	0.001042405255608595	0.35200235166507055	0.6286655689549153	0.0002182604512934125	4	0.6286655689549153
DLBCL10863	0.006593186619681426	0.000631362719205525	0.0009705522194336538	0.5801985431579867	0.4116063552836927	4	0.5801985431579867
DLBCL_LS1899	0.00371599944550978	0.0024201310831646365	0.4221478533488076	0.5712966308138536	0.000419385308664306	4	0.5712966308138536
DLBCL11491	0.004520938918712755	0.0007689437358610789	0.0010936203553394168	0.54027511151726	0.45334138547282665	4	0.54027511151726
DLBCL_LS3866	0.4705306615565598	0.0005734167807950178	0.0011848787484439543	0.5259582076526991	0.0017528352615021365	4	0.5259582076526991
DLBCL10927	0.4893436266854836	0.0006120381351412509	0.0017369833722428007	0.5080976154004859	0.00020973640664652488	4	0.5080976154004859
DLBCL10858	0.0026151912231474907	0.00018900836355694201	0.00023393864293178382	0.5069002149601498	0.4900616468102139	4	0.5069002149601498
DLBCL10973	0.09306529801315641	0.0008580971481477812	0.009347387495126822	0.45979260021606905	0.43693661712749987	4	0.45979260021606905
DLBCL11471	0.007242446474776441	0.21054536140209337	0.0050682684833969135	0.4540278938504323	0.323116029789301	4	0.4540278938504323
DLBCL11538	0.005021443345971265	0.001034850510004164	0.17664127739859145	0.4480555206113034	0.36924690813412975	4	0.4480555206113034
DLBCL11504	0.12595691884959395	0.00029516437384436	0.0003721824077862353	0.4464434440103167	0.4269322903584588	4	0.4464434440103167
DLBCL11513	0.0009414212875782504	0.0017004629124902268	0.00020447952240803044	0.003394239322732781	0.9937593969547907	5	0.9937593969547907
DLBCL10853	0.0009414290929235702	0.0017004732717326436	0.0002044832305902759	0.003394253660083736	0.9937593607446698	5	0.9937593607446698
DLBCL10967	0.0009332881690215336	0.0019210659225874724	0.00020302099341288314	0.0032126874275999794	0.9937299374873781	5	0.9937299374873781
DLBCL10864	0.0009604006396692212	0.0019432722825544096	0.00020476183653729083	0.003173938755155475	0.9937176264860836	5	0.9937176264860836
DLBCL_MC_F519_ALT	0.0009605467912649579	0.0019434769511755292	0.00020483065726716013	0.0031741964642017164	0.9937169491360907	5	0.9937169491360907
DLBCL10977	0.0008697453386861455	0.0021201695323000746	0.00018709497968893383	0.0031703484297011014	0.9936526417196238	5	0.9936526417196238
DLBCL10842	0.0008710384927192439	0.0018524272428466614	0.00017387206492305767	0.00345740063964134	0.9936452615598697	5	0.9936452615598697
DLBCL10880	0.0009755516812599588	0.001660310554475016	0.00019649251799435793	0.0035275105262255278	0.9936401347200452	5	0.9936401347200452
DLBCL11440	0.0007699252198411621	0.002172553144579815	0.0002114666245040988	0.0032696951891917386	0.9935763598218832	5	0.9935763598218832
DLBCL10499	0.0007699252198411621	0.002172553144579815	0.0002114666245040988	0.0032696951891917386	0.9935763598218832	5	0.9935763598218832
DLBCL_RICOVER_99	0.0009046867505856943	0.002128171819384561	0.00017474820553412925	0.003254250801905758	0.9935381424225899	5	0.9935381424225899
DLBCL10893	0.0009757957997474378	0.00149568356381909	0.00017109765530474815	0.003977819720926287	0.9933796032602025	5	0.9933796032602025
DLBCL10535	0.001034422783869892	0.0020463373417065464	0.00024039945935673288	0.0033033261030249762	0.9933755143120419	5	0.9933755143120419
DLBCL10550	0.0008521269131852448	0.0026136624988152956	0.0001887440114943356	0.0030731446178255874	0.9932723219586796	5	0.9932723219586796
DLBCL10471	0.0007959769474168697	0.002734599805391259	0.00020525719747331052	0.003009325481440349	0.9932548405682782	5	0.9932548405682782
DLBCL10781	0.0009310165742582901	0.0020339121887225442	0.00018463125945175944	0.00360009687562296	0.9932503431019445	5	0.9932503431019445
DLBCL10862	0.0007002614984057316	0.002911899815997968	0.0001867644500445799	0.002988866956145431	0.9932122072794064	5	0.9932122072794064
DLBCL11451	0.0008540615201795108	0.0027003774422405874	0.0002526587432760377	0.0031217847269802116	0.9930711175673236	5	0.9930711175673236
DLBCL10887	0.001082619203036801	0.0016350101659776766	0.00019709117532223713	0.004107446795184569	0.9929778326604788	5	0.9929778326604788
DLBCL11581	0.0009976387661077286	0.002417880868763069	0.0002255648894096971	0.0034435765023592686	0.9929153389733602	5	0.9929153389733602
DLBCL10964	0.0005323240835359275	0.003446908775925201	0.0001841951846145078	0.002983706431448572	0.9928528655244758	5	0.9928528655244758
DLBCL10951	0.0005323240835359617	0.003446908775925284	0.00018419518461452818	0.00298370643144865	0.9928528655244756	5	0.9928528655244756
DLBCL10916	0.0005526301290559297	0.003479084706391476	0.00018593781203766265	0.002946488201512209	0.9928358591510028	5	0.9928358591510028
DLBCL10990	0.0005853692335393264	0.003544897155886885	0.00018838304919682706	0.002926383778629752	0.9927549667827471	5	0.9927549667827471
DLBCL11353	0.0005325330100267089	0.003308668164019618	0.00016076685760589321	0.003250560490491476	0.9927474714778562	5	0.9927474714778562
DLBCL10898	0.0007562224418766416	0.002823833214916872	0.00015336833729815945	0.0036810662176846153	0.9925855097882237	5	0.9925855097882237
DLBCL_RICOVER_417	0.0009227763383978724	0.0015474722957573709	0.00012280155784992477	0.0049078643249800425	0.9924990854830148	5	0.9924990854830148
DFCIDL008_DT	0.000719079853502248	0.003615874344603794	0.0002634415467457704	0.002918459780384238	0.9924831444747639	5	0.9924831444747639
DLBCL_RICOVER_543	0.0008164172978409396	0.0035300695162706485	0.0002381889218007994	0.002978146107558831	0.9924371781565288	5	0.9924371781565288
DLBCL_RICOVER_704	0.0009375546497602757	0.0033272129567761405	0.0002908959362636593	0.0030598664160287727	0.9923844700411713	5	0.9923844700411713
DLBCL_LS2208	0.0006298983034651615	0.0031670431496152725	0.0009648707945790628	0.002871576432521256	0.9923666113198192	5	0.9923666113198192
DLBCL10876	0.0005413147980504409	0.0034842834688714546	0.00015679670887029523	0.0034636964266545607	0.9923539085975533	5	0.9923539085975533
DLBCL10890	0.0008956467965017369	0.0014650580587904573	0.00011953360248998623	0.005170016506182998	0.9923497450360349	5	0.9923497450360349
DLBCL_RICOVER_134	0.0005773318167325966	0.003099406040688391	0.00016506915047873662	0.0038686598652054663	0.9922895331268947	5	0.9922895331268947
DLBCL10847	0.000529194927361269	0.004075655239414672	0.00018772947656022399	0.0029349949419989287	0.992272425414665	5	0.992272425414665
DLBCL_C_D_1166_NULLPAIR	0.0005494902170062452	0.0041114745442941605	0.00018949936002597752	0.002897941411163598	0.99225159446751	5	0.99225159446751
DLBCL10530	0.0007267218258804971	0.0015922305597801593	0.00010927784889326408	0.005358085741667307	0.9922136840237787	5	0.9922136840237787
DLBCL_RICOVER_1248	0.0007889456643552095	0.0016575059612182483	0.00011321357348812461	0.005290119134393078	0.9921502156665453	5	0.9921502156665453
DLBC_FF_A7CQ_TP_NB	0.0021393045739792485	0.0018821776419670356	0.00017643077762730352	0.0037713028729908847	0.9920307841334355	5	0.9920307841334355
DLBCL11476	0.0005548032179852768	0.004481524934205726	0.00019745866293420137	0.0027794370101005034	0.9919867761747743	5	0.9919867761747743
DLBCL10963	0.0005607863093132199	0.004454981680760418	0.00020722876920933387	0.0027985733384479385	0.9919784299022691	5	0.9919784299022691
DLBCL11004	0.0007691425208593129	0.0016257242403944815	0.000137243510305394	0.005508139963637016	0.9919597497648038	5	0.9919597497648038
DLBCL11595	0.0005837054550613056	0.004274529904354519	0.0002091011360328551	0.0029809725755942412	0.9919516909289571	5	0.9919516909289571
DLBCL_RICOVER_1106	0.0005676358588849651	0.0027438870318540393	0.0001348522625048567	0.004623491591418184	0.991930133255338	5	0.991930133255338
DLBCL_RICOVER_1237	0.0009446719654729143	0.002256332156531837	0.00023366294716688321	0.004794593052424568	0.9917707398784038	5	0.9917707398784038
DLBCL_LS4085	0.000673155029769061	0.004304048443421716	0.00023626756256316697	0.003069333855613329	0.9917171951086327	5	0.9917171951086327
DLBCL11195	0.0005925300458726517	0.002433910731389038	0.00010732723534806937	0.005352179534121143	0.9915140524532691	5	0.9915140524532691
DLBCL_RICOVER_712	0.0006679453932333541	0.0044100305455726865	0.0002623406837877997	0.0031527312036932534	0.9915069521737129	5	0.9915069521737129
DLBCL10833	0.0011152722521282328	0.0009806808157536155	0.0001467771746317725	0.006250674752534789	0.9915065950049516	5	0.9915065950049516
DLBCL10930	0.0026247379407079666	0.0016784779304282378	0.00019126810208861878	0.003999861478080149	0.991505654548695	5	0.991505654548695
DLBCL10870	0.0009576917834838947	0.0010518306475755608	0.00010080153924112175	0.0064365032995813455	0.991453172730118	5	0.991453172730118
DLBCL_C_D_1104_NULLPAIR	0.000768426001134285	0.0026369041081176106	0.00015157235476028584	0.005048882799730661	0.9913942147362571	5	0.9913942147362571
DLBCL10457	0.0007618051256362978	0.0039061601933515185	0.00027309469002015775	0.003844888385792778	0.9912140516051992	5	0.9912140516051992
DLBCL_LS2596	0.0009621844564380232	0.0009967163930910442	9.618641309923017e-05	0.006759499986496387	0.9911854127508753	5	0.9911854127508753
DLBCL_RICOVER_449	0.0009635753443796284	0.0009981310790215037	9.663766901517098e-05	0.006762960601024482	0.9911786953065592	5	0.9911786953065592
DLBCL10881	0.002141182221581783	0.0018429623304927172	0.00015740532012221693	0.004705303144397555	0.9911531469834057	5	0.9911531469834057
DLBCL10540	0.0010565106968648734	0.0008737494334440353	0.00010782593315543246	0.006891872093529978	0.9910700418430056	5	0.9910700418430056
DLBCL_RICOVER_585	0.0009621152303236482	0.0010053488236850855	9.90588408026041e-05	0.006959951211734812	0.9909735258934539	5	0.9909735258934539
DLBCL11500	0.0010512572496701308	0.0009616762795978791	0.00011399586570050555	0.006989124161300285	0.9908839464437312	5	0.9908839464437312
DLBCL10889	0.000966688167208279	0.0009814099073122235	0.00010023669406299277	0.0071105184007077705	0.9908411468307087	5	0.9908411468307087
DLBCL10943	0.0007313008060381473	0.005080274801349944	0.0005356563746110125	0.0030670268665899504	0.990585741151411	5	0.990585741151411
DLBCL10508	0.0010829420843850462	0.0008761326932054469	0.00012070142719098049	0.007471692280410201	0.9904485315148083	5	0.9904485315148083
DLBCL_C_D_1125_NULLPAIR	0.0008058901805508555	0.0010851513295828557	8.670514127531484e-05	0.0075815643898625015	0.9904406889587285	5	0.9904406889587285
DLBCL_RICOVER_1257	0.0005752916900317403	0.006164071500547218	0.0002093709326990273	0.002705835701521549	0.9903454301752005	5	0.9903454301752005
DLBCL10533	0.000564881504768103	0.0063775662329737465	0.0001996522979370354	0.0026580805701514085	0.9901998193941697	5	0.9901998193941697
DLBC_FF_A7CX_TP_NB	0.0014122152268390312	0.0008836145942371878	0.0001228212088782285	0.00783350542985032	0.9897478435401952	5	0.9897478435401952
DLBCL_RICOVER_173	0.001049470646383092	0.0008246729846144551	8.139515222405518e-05	0.008446381096835228	0.9895980801199431	5	0.9895980801199431
DLBCL10860	0.0010495598139762404	0.0008148912679340056	9.351266770876653e-05	0.008866699434449296	0.9891753368159317	5	0.9891753368159317
DLBCL11242	0.004173963955031412	0.0014184774760421898	0.00013896497860677186	0.005127706359405113	0.9891408872309145	5	0.9891408872309145
DLBCL_RICOVER_1293	0.0010362759876960466	0.0007564261881394845	7.510889197124998e-05	0.008998032260503072	0.98913415667169	5	0.98913415667169
DLBCL_LS148	0.0006582913195150561	0.0018125468393021124	0.00034258306467928584	0.008152928254154744	0.9890336505223487	5	0.9890336505223487
DLBCL_RICOVER_1032	0.0010299105493551972	0.0012085594861365261	7.476425292053118e-05	0.008771607531161211	0.9889151581804265	5	0.9889151581804265
DLBCL10883	0.0015018679049993715	0.0005115463690037064	0.0001077415453768021	0.009001342121281015	0.9888775020593391	5	0.9888775020593391
DLBCL11000	0.0011091598087705453	0.0007910771452648078	8.39651919079603e-05	0.009187615904180999	0.9888281819498757	5	0.9888281819498757
DLBCL10924	0.0011025647250507142	0.0007383002015876146	7.155258299797259e-05	0.009552021413317568	0.9885355610770462	5	0.9885355610770462
DLBCL_RICOVER_850	0.0010617118960284946	0.0007289663630882732	7.559438401979218e-05	0.009665910532126117	0.9884678168247374	5	0.9884678168247374
DLBCL10900	0.0013257047229696963	0.0005641667577078235	9.81329348303263e-05	0.009875608376519941	0.9881363872079721	5	0.9881363872079721
DLBCL11450	0.0010570176951342504	0.0008125266191906301	8.533164828806996e-05	0.010114519386626657	0.9879306046507604	5	0.9879306046507604
DLBCL_MC_F089_MLB	0.0009395612566593526	0.004149591982742123	0.0003103831796484153	0.006712674201404091	0.987887789379546	5	0.987887789379546
DLBCL11514	0.0009183642402562369	0.0008674151779090433	6.866178252568763e-05	0.010262945284246596	0.9878826135150625	5	0.9878826135150625
DLBCL10854	0.001082583031961343	0.0007114647455287575	7.505514888631454e-05	0.010460141432257168	0.9876707556413664	5	0.9876707556413664
DLBCL10857	0.0011716029036486306	0.0007410934603854273	7.558989869159373e-05	0.010354436907292316	0.9876572768299821	5	0.9876572768299821
DLBCL10987	0.0010335292624702684	0.0010243697688889022	9.93886415517341e-05	0.010222409833532467	0.9876203024935566	5	0.9876203024935566
DLBCL_MC_F339_JPS2	0.0019923928823158683	0.004392632115253651	0.0009943862434968918	0.00528612797248654	0.987334460786447	5	0.987334460786447
DLBCL10852	0.0011367223221114523	0.0007424586314834291	9.055793739630817e-05	0.010762041625256706	0.9872682194837521	5	0.9872682194837521
DLBCL10467	0.0015685513127277524	0.0006360526799567883	8.715556350995125e-05	0.010755425102313275	0.9869528153414923	5	0.9869528153414923
DLBCL_RICOVER_1219	0.001141329390382755	0.000703821047421659	7.865906216647467e-05	0.011676817486738718	0.9863993730132904	5	0.9863993730132904
DLBCL_C_D_1140_NULLPAIR	0.0015122030402144589	0.0011146303866584042	0.00021892206589359462	0.010807184902457126	0.9863470596047763	5	0.9863470596047763
DLBCL_C_D_1144_NULLPAIR	0.002635320174917136	0.003859096946205585	0.001097493116711929	0.006257838250266111	0.9861502515118993	5	0.9861502515118993
DLBCL10909	0.001188436783430794	0.0006622443149643337	6.952472517081578e-05	0.012237429275373635	0.9858423649010604	5	0.9858423649010604
DLBCL10534	0.0012287094994277918	0.0007147462733439315	7.912386666694269e-05	0.012291502026394917	0.9856859183341664	5	0.9856859183341664
DLBCL10992	0.0012710208372855695	0.0006546816876345032	6.577438579994951e-05	0.012549250238680063	0.9854592728505999	5	0.9854592728505999
DLBCL10902	0.0011978942113830178	0.005940631842918739	0.0002337525777705087	0.007257115353814862	0.9853706060141129	5	0.9853706060141129
DLBC_FF_A7CW_TP_NB	0.0006218094436195391	0.010839783330502202	0.00024831357439653425	0.0030090942749502903	0.9852809993765314	5	0.9852809993765314
DLBCL10938	0.00116018524226867	0.0006336480097947993	7.308451330569497e-05	0.013397786536978944	0.9847352956976518	5	0.9847352956976518
DLBCL_C_D_1163_NULLPAIR	0.0011565837201676728	0.0005477702099914896	8.449357133031897e-05	0.013761215158657171	0.9844499373398533	5	0.9844499373398533
DLBCL_RICOVER_685	0.0012411858110656787	0.0006341673762135846	6.543326337462591e-05	0.014136980194205808	0.9839222333551403	5	0.9839222333551403
DLBCL_LS1583	0.0012411858181743036	0.000634167381357639	6.543326506130844e-05	0.014136980215726791	0.98392223331968	5	0.98392223331968
DLBCL10848	0.0013670736563818292	0.00047185401680011605	8.307203738212246e-05	0.015625007794585477	0.9824529924948505	5	0.9824529924948505
DLBCL10961	0.0006636783665981153	0.008666153213211243	0.00010807087160374933	0.008175183864215972	0.9823869136843708	5	0.9823869136843708
DLBCL10463	0.0009309778310126507	0.0008837702700330653	0.00012279980011404835	0.015971986956102843	0.9820904651427373	5	0.9820904651427373
DLBCL_RICOVER_431	0.0011897870090213359	0.0006112212530338902	8.148699374203876e-05	0.016629917159641353	0.9814875875845613	5	0.9814875875845613
DLBCL10901	0.0012840163563059062	0.0005905736609257313	6.641405451923601e-05	0.01659619091191603	0.9814628050163331	5	0.9814628050163331
DLBC_FF_8042_TP_NB	0.0007159957118820865	0.01561144079031527	0.00029955110080290043	0.0024517752901123215	0.9809212371068874	5	0.9809212371068874
DLBCL11187	0.0013680480553165818	0.0005677186088266314	7.008454832616078e-05	0.017100723539712846	0.9808934252478179	5	0.9808934252478179
DLBCL10485	0.0005782864947687805	0.01665326032945936	0.00023371950251039413	0.0021828015794938547	0.9803519320937677	5	0.9803519320937677
DLBCL_RICOVER_1190	0.010009273260274648	0.005183392545601779	0.000627180437393592	0.004205207419987883	0.9799749463367421	5	0.9799749463367421
DLBCL_RICOVER_1192	0.0032351878209104534	0.0065848562407244664	0.0020470172464859466	0.009441125969896613	0.9786918127219826	5	0.9786918127219826
DLBCL_C_D_1120_NULLPAIR	0.0005389038929973707	0.018398972807630087	0.00024526782237142147	0.0022209962505349602	0.9785958592264662	5	0.9785958592264662
DLBCL10521	0.0005580325769882514	0.01918088116822737	0.0002456857178748505	0.002163190854262007	0.9778522096826474	5	0.9778522096826474
DLBCL_RICOVER_956	0.0005928963851083724	0.019570272346438565	0.00028620045265749527	0.0022334421220929048	0.9773171886937027	5	0.9773171886937027
DLBCL10835	0.000605563583785972	0.01597948500328339	0.00015012137621670674	0.006200971097968069	0.9770638589387459	5	0.9770638589387459
DLBCL_RICOVER_221	0.003659270887677573	0.008878922608024378	0.0025501707283301055	0.007926832803288325	0.9769848029726796	5	0.9769848029726796
DLBCL_LS3200	0.0006061543019318964	0.020837686877843774	0.0002502258981668731	0.002045446780628496	0.976260486141429	5	0.976260486141429
DLBCL10888	0.0018964406360458944	0.00038654587617170953	0.00011583526356212291	0.021648426241226308	0.975952751982994	5	0.975952751982994
DLBC_FF_A7CR_TP_NB	0.001588765228496753	0.0004499741647024892	7.870167184933381e-05	0.0219701114118346	0.9759124475231168	5	0.9759124475231168
DLBCL10984	0.0010728732061819864	0.016450370718691522	0.0002991860099501075	0.00695228259586489	0.9752252874693116	5	0.9752252874693116
DLBCL10836	0.00173938874695306	0.00030758452806049644	9.565481473488118e-05	0.023115096777992294	0.9747422751322592	5	0.9747422751322592
DLBCL10532	0.0012750473623938832	0.00039966929818389203	0.0033721818802716088	0.02091664867469757	0.9740364527844529	5	0.9740364527844529
DLBCL10925	0.003421831688693099	0.0004935075013509639	8.754310782444867e-05	0.023167424679945054	0.9728296930221865	5	0.9728296930221865
DLBCL11001	0.002100949354848179	0.0007213278052314112	0.00022714790209134373	0.025168573944744296	0.9717820009930848	5	0.9717820009930848
DLBCL_RICOVER_120	0.01918833298947598	0.003709222937827641	0.00024943374342851224	0.005360853187260157	0.9714921571420077	5	0.9714921571420077
DLBCL10454	0.0019941764274448836	0.023047483862983845	0.0005278476300778647	0.003138091948291301	0.9712924001312022	5	0.9712924001312022
DLBCL10904	0.0012624544221358654	0.01715496021739518	0.00031705302932433666	0.011319605197115093	0.9699459271340295	5	0.9699459271340295
DLBCL11510	0.002551443256421184	0.0006060547495630842	8.537798066359995e-05	0.02705927463439358	0.9696978493789586	5	0.9696978493789586
DLBCL10865	0.022318670390946028	0.002424478441475752	0.0004075027917252792	0.005467006671392861	0.96938234170446	5	0.96938234170446
DLBCL10895	0.0006044879938456659	0.027839446413641764	0.0002833436022287736	0.001982673388167415	0.9692900486021164	5	0.9692900486021164
DLBCL10566	0.0005959403646493306	0.030072248352052217	0.00029403604926103504	0.0019442140034530684	0.9670935612305843	5	0.9670935612305843
DLBCL10866	0.0018152012568775067	0.00031701538937400003	9.962803571714337e-05	0.030688979708808146	0.9670791756092232	5	0.9670791756092232
DLBCL10999	0.0018004016210163424	0.0004296111772577091	0.00011039510416259588	0.03136728241332648	0.9662923096842368	5	0.9662923096842368
DLBCL_C_D_1124_NULLPAIR	0.003162814177250407	0.0016682356589768864	0.0008703509155336181	0.028716230278045547	0.9655823689701936	5	0.9655823689701936
DLBCL11431	0.001790548206739753	0.0006247854844016954	0.00012612274822904732	0.033297295035078944	0.9641612485255506	5	0.9641612485255506
DLBCL10899	0.001806513126377766	0.0004664294081206686	9.457981550200539e-05	0.034612272943393724	0.9630202047066059	5	0.9630202047066059
DLBCL10504	0.0025111897913457355	0.0002632779614008853	0.00014562860468785312	0.03585395674946314	0.9612259468931025	5	0.9612259468931025
DLBCL_LS3808	0.021827936982283653	0.0012490070775756192	0.00047925869995578245	0.01772896040355039	0.9587148368366345	5	0.9587148368366345
DLBCL10980	0.0005760739115335865	0.03909899815112929	0.00035611838793764175	0.0019278032796414728	0.9580410062697581	5	0.9580410062697581
DLBCL10891	0.002276171814904614	0.000296493693761408	0.00020920464167418674	0.04296724640103549	0.9542508834486243	5	0.9542508834486243
DLBCL_RICOVER_1289	0.0019268413216896889	0.0003598022034724696	0.00010709877139645571	0.043803905961225006	0.9538023517422164	5	0.9538023517422164
DLBCL_RICOVER_1287	0.002541831558522522	0.0392608915965366	0.001960194974034859	0.005164433829006903	0.9510726480418991	5	0.9510726480418991
DLBCL_RICOVER_1278	0.002687862644312211	0.00025024774856812073	0.00012650899016429206	0.04736263312472605	0.9495727474922293	5	0.9495727474922293
DLBCL_RICOVER_314	0.0016294002496271694	0.045135131063166044	0.0013352928023884225	0.003661156209340929	0.9482390196754774	5	0.9482390196754774
DLBCL_RICOVER_224	0.008613752556136226	0.022696121769477027	0.007139484635103831	0.013438744238754652	0.9481118968005283	5	0.9481118968005283
DLBCL_C_D_1145_NULLPAIR	0.016913791127856456	0.0017254595541976404	0.020814443049944637	0.013199455572948507	0.9473468506950528	5	0.9473468506950528
DLBCL10516	0.0021222420750037214	0.00040732436756724165	0.026451366109049346	0.0419789471496419	0.9290401202987378	5	0.9290401202987378
DLBCL_RICOVER_111	0.00392587743546461	0.002853445730773094	0.060310281268997165	0.004430482864715823	0.9284799127000494	5	0.9284799127000494
DLBCL_RICOVER_1081	0.016566794731907423	0.002045876401363293	0.006189301241655414	0.047136981949051776	0.9280610456760221	5	0.9280610456760221
DLBCL_RICOVER_1299	0.0025657331040552607	0.00031970878312101425	0.00015530880492328067	0.06907945205707157	0.9278797972508289	5	0.9278797972508289
DLBCL11495	0.007106378080607383	0.00029076528304835717	0.00016225732873108835	0.06479661431474187	0.9276439849928713	5	0.9276439849928713
DLBCL10921	0.0007011914116896112	0.0811804751958778	0.00038838072696292624	0.0017629351577746995	0.915967017507695	5	0.915967017507695
DLBCL11194	0.0595887477552248	0.0005158596298759195	0.00020725708444686885	0.04991678021859706	0.8897713553118554	5	0.8897713553118554
DFCIDL004_DT	0.05376516065419854	0.0003777540884384644	0.00022759897656644514	0.05662394957052685	0.8890055367102697	5	0.8890055367102697
DLBCL_MC_F927_JHS	0.01685214926679527	0.059800230732188486	0.015165940465791655	0.022032813593858995	0.8861488659413655	5	0.8861488659413655
DLBCL10908	0.0007615220748580015	0.02578418602970216	0.08648261847234444	0.001909209735774866	0.8850624636873204	5	0.8850624636873204
DLBCL_RICOVER_506	0.0006390464808444758	0.119345179758182	0.0004006634125464865	0.0021674212821336577	0.8774476890662933	5	0.8774476890662933
DLBCL10837	0.03422294480254596	0.0009342895718008465	0.0008999526617643652	0.12232006362936762	0.8416227493345212	5	0.8416227493345212
DLBCL10867	0.0008719718173581389	0.16515178237029418	0.0005732449852869122	0.004701106267885461	0.8287018945591753	5	0.8287018945591753
DLBCL_C_D_1162_NULLPAIR	0.0016752387498678997	0.08227668494582609	0.0951373212449428	0.0042031307804661884	0.816707624278897	5	0.816707624278897
DLBCL10915	0.007412020163540799	0.16882934556870763	0.0004141310012057109	0.010313740322322918	0.813030762944223	5	0.813030762944223
DLBCL10878	0.18162087260649903	0.0026669910010672796	0.0007313388753606536	0.005566061826013076	0.8094147356910599	5	0.8094147356910599
DLBCL_LS4619	0.0006318144350201272	0.002611612335227061	0.18143286671930672	0.014679775515742255	0.8006439309947039	5	0.8006439309947039
DLBCL_C_D_PAIR13	0.0008702925596812598	0.2228753826808851	0.0006116885818712523	0.001883183813708703	0.7737594523638537	5	0.7737594523638537
DLBCL11206	0.0007907400841528639	0.22478122202634418	0.0005800236381070144	0.0012136048451521586	0.7726344094062438	5	0.7726344094062438
DLBCL10529	0.0006409744884973052	0.22906096847357238	0.0005335394453048874	0.0016735861138458287	0.7680909314787796	5	0.7680909314787796
DLBCL_RICOVER_773	0.0009236463243443504	0.230184393439248	0.0008340322639023706	0.0017156537527092692	0.7663422742197961	5	0.7663422742197961
DLBCL10838	0.000676059874930294	0.24611649987341794	0.0005151251128486595	0.0014262959886176137	0.7512660191501854	5	0.7512660191501854
DLBCL_RICOVER_720	0.001149563254933179	0.26274911108373733	0.0006564178642938277	0.001235190595315261	0.7342097172017203	5	0.7342097172017203
DLBCL_C_D_PAIR20	0.0006748647521906541	0.04365849951202652	0.22845216208672062	0.0032507248782380465	0.7239637487708241	5	0.7239637487708241
DLBCL11540	0.003815799903745784	0.2817252595190207	0.0013844899211196535	0.0030189654273092724	0.7100554852288046	5	0.7100554852288046
DLBCL_RICOVER_1329	0.002124185805412776	0.341133721353498	0.0019122646298495307	0.002670590973379663	0.65215923723786	5	0.65215923723786
DLBCL_RICOVER_1204	0.0025183807446891885	0.003117701718670359	0.0010428375300601677	0.3452494443120944	0.648071635694486	5	0.648071635694486
DLBCL_RICOVER_105	0.05458061449135204	0.41303216465337167	0.05445730555976441	0.05380921453369483	0.42412070076181707	5	0.42412070076181707
